Date,AgeAdult,AgeMax,BatchMode,DNAFill,DenunciationCost,DifferentialCosts,DisplayPeriod,DumpStart,EraseNetwork,FriendshipValue,GeneCoding,GeneLength,GroupMinSize,HonoringCost,JoiningBonus,Judas,MaxFriends,MaxOffer,MutationRate,NbCrossover,NbInteractions,NbTraitors,NumberOfGroups,PopulationSize,ReproGainsThreshold,ReproductionRate,ResultDir,Rounds,SacrificeHeredity,SampleSize,ScenarioName,SelectionPressure,Selectivity,StartFromFile,TimeLimit,Title,LastStep,Patriot,NonPatriot,Demand,SelfSacrifice,NbHeroes
190325174348,0,40,1,0,100,0,10,5000,0,10,Weighted,8,0,100,10,,10,5,5,1,100,0,1,200,10,15,./+AF8AXwBf-Results,10,50,5,Sacrifice,6,10,0,10000,Evolife,9990,2,2,0,0,1
190325180441,0,40,1,0,100,0,10,5000,0,10,Weighted,8,0,100,10,,10,5,5,1,100,0,1,200,10,15,./+AF8AXwBf-Results,10,50,5,Sacrifice,6,10,0,10000,Evolife,9990,2,2,0,0,1
190325181854,0,40,1,0,100,0,10,5000,0,10,Weighted,8,0,100,10,25,10,5,5,1,100,20,1,200,10,15,./+AF8AXwBf-Results,10,50,5,Sacrifice,6,10,0,10000,Evolife,9990,7,29,6,0,1
190325184306,0,40,1,0,100,0,10,5000,0,10,Weighted,8,0,100,10,25,10,5,5,1,100,30,1,200,10,15,./+AF8AXwBf-Results,10,50,5,Sacrifice,6,10,0,10000,Evolife,9990,7,22,6,0,1
190325190014,0,40,1,0,100,0,10,5000,0,10,Weighted,8,0,100,10,25,10,5,5,1,100,40,1,200,10,15,./+AF8AXwBf-Results,10,50,5,Sacrifice,6,10,0,10000,Evolife,9990,8,30,6,0,2
190325190634,0,40,1,0,100,0,10,5000,0,10,Weighted,8,0,100,10,25,10,5,5,1,100,50,1,200,10,15,./+AF8AXwBf-Results,10,50,5,Sacrifice,6,10,0,10000,Evolife,9990,7,43,6,0,2
190325192937,0,40,1,0,100,0,10,5000,0,10,Weighted,8,0,100,10,25,10,5,5,1,100,60,1,200,10,15,./+AF8AXwBf-Results,10,50,5,Sacrifice,6,10,0,10000,Evolife,9990,14,32,9,0,2
190325194009,0,40,1,0,100,0,10,5000,0,10,Weighted,8,0,100,10,25,10,5,5,1,100,70,1,200,10,15,./+AF8AXwBf-Results,10,50,5,Sacrifice,6,10,0,10000,Evolife,9990,8,25,6,0,2
190325200026,0,40,1,0,100,0,10,5000,0,10,Weighted,8,0,100,10,25,10,5,5,1,100,80,1,200,10,15,./+AF8AXwBf-Results,10,50,5,Sacrifice,6,10,0,10000,Evolife,9990,7,16,6,0,2
190325204736,0,40,1,0,100,0,10,5000,0,10,Weighted,8,0,100,10,25,10,5,5,1,100,90,1,200,10,15,./+AF8AXwBf-Results,10,50,5,Sacrifice,6,10,0,10000,Evolife,9990,7,21,6,0,2
190325174221,0,40,1,0,100,0,10,5000,0,10,Weighted,8,0,100,10,25,10,5,5,1,100,90,1,200,10,15,./+AF8AXwBf-Results,10,50,5,Sacrifice,6,10,0,10000,Evolife,9990,13,19,10,0,2
190325174222,0,40,1,0,100,0,10,5000,0,10,Weighted,8,0,100,10,25,10,5,5,1,100,90,1,1000,10,15,./+AF8AXwBf-Results,50,50,5,Sacrifice,6,10,0,10000,Evolife,9990,8,12,7,1,12
190325174224,0,40,1,0,100,0,10,5000,0,10,Weighted,8,0,100,10,25,10,5,5,1,100,100,1,200,10,15,./+AF8AXwBf-Results,10,50,5,Sacrifice,6,10,0,10000,Evolife,9990,7,17,6,0,2
190325174226,0,40,1,0,100,0,10,5000,0,10,Weighted,8,0,100,10,25,10,25,5,1,100,20,1,200,10,15,./+AF8AXwBf-Results,10,50,5,Sacrifice,6,10,0,10000,Evolife,9990,26,15,25,0,2
190325174228,0,40,1,0,100,0,10,5000,0,10,Weighted,8,0,100,10,25,10,25,5,1,100,20,1,200,10,15,./+AF8AXwBf-Results,10,50,5,Sacrifice,6,10,0,10000,Evolife,9990,26,19,25,0,2
190325174230,0,40,1,0,100,0,10,5000,0,10,Weighted,8,0,100,10,25,10,25,5,1,100,40,1,200,10,15,./+AF8AXwBf-Results,10,50,5,Sacrifice,6,10,0,10000,Evolife,9990,50,11,34,1,3
190325174234,0,40,1,0,100,0,10,5000,0,10,Weighted,8,0,100,10,25,10,25,5,1,100,50,1,1000,10,15,./+AF8AXwBf-Results,50,50,5,Sacrifice,6,10,0,10000,Evolife,9990,26,8,25,1,16
190325174236,0,40,1,0,100,0,10,5000,0,10,Weighted,8,0,100,10,25,10,25,5,1,100,60,1,1000,10,15,./+AF8AXwBf-Results,50,50,5,Sacrifice,6,10,0,10000,Evolife,9990,27,9,25,1,16
190325174238,0,40,1,0,100,0,10,5000,0,10,Weighted,8,0,100,10,25,10,25,5,1,100,70,1,200,10,15,./+AF8AXwBf-Results,10,50,5,Sacrifice,6,10,0,10000,Evolife,9990,26,16,25,1,3
190325174330,0,40,1,0,100,0,10,5000,0,10,Weighted,8,0,100,10,25,10,25,5,1,100,90,1,200,10,15,./+AF8AXwBf-Results,10,50,5,Sacrifice,6,10,0,10000,Evolife,9990,26,24,25,1,3
190325174332,0,40,1,0,100,0,10,5000,0,10,Weighted,8,0,100,10,25,10,50,5,1,100,30,1,200,10,15,./+AF8AXwBf-Results,10,50,5,Sacrifice,6,10,0,10000,Evolife,9990,51,12,50,1,3
190325174334,0,40,1,0,100,0,10,5000,0,10,Weighted,8,0,100,10,25,10,50,5,1,100,40,1,200,10,15,./+AF8AXwBf-Results,10,50,5,Sacrifice,6,10,0,10000,Evolife,9990,51,11,50,1,3
190325174336,0,40,1,0,100,0,10,5000,0,10,Weighted,8,0,100,10,25,10,50,5,1,100,50,1,200,10,15,./+AF8AXwBf-Results,10,50,5,Sacrifice,6,10,0,10000,Evolife,9990,51,14,50,1,3
190325174338,0,40,1,0,100,0,10,5000,0,10,Weighted,8,0,100,10,25,10,50,5,1,100,70,1,200,10,15,./+AF8AXwBf-Results,10,50,5,Sacrifice,6,10,0,10000,Evolife,9990,51,12,50,1,3
190325174340,0,40,1,0,100,0,10,5000,0,10,Weighted,8,0,100,10,25,10,50,5,1,100,70,1,200,10,15,./+AF8AXwBf-Results,10,50,5,Sacrifice,6,10,0,10000,Evolife,9990,51,11,50,1,3
190325174342,0,40,1,0,100,0,10,5000,0,10,Weighted,8,0,100,10,25,10,50,5,1,100,80,1,200,10,15,./+AF8AXwBf-Results,10,50,5,Sacrifice,6,10,0,10000,Evolife,9990,51,12,50,1,4
190325174344,0,40,1,0,100,0,10,5000,0,10,Weighted,8,0,100,10,25,10,50,5,1,100,80,1,200,10,15,./+AF8AXwBf-Results,10,50,5,Sacrifice,6,10,0,10000,Evolife,9990,51,11,50,1,2
190325174346,0,40,1,0,100,0,10,5000,0,10,Weighted,8,0,100,10,25,10,50,5,1,100,80,1,200,10,15,./+AF8AXwBf-Results,10,50,5,Sacrifice,6,10,0,10000,Evolife,9990,51,12,50,1,3
190325180240,0,40,1,0,100,0,10,5000,0,10,Weighted,8,0,100,10,25,10,50,5,1,100,90,1,200,10,15,./+AF8AXwBf-Results,10,50,5,Sacrifice,6,10,0,10000,Evolife,9990,51,8,50,1,3
190325180423,0,40,1,0,100,0,10,5000,0,10,Weighted,8,0,100,10,25,10,50,5,1,100,100,1,200,10,15,./+AF8AXwBf-Results,10,50,5,Sacrifice,6,10,0,10000,Evolife,9990,51,13,50,1,3
190325180443,0,40,1,0,100,0,10,5000,0,10,Weighted,8,0,100,10,,10,75,5,1,100,0,1,200,10,15,./+AF8AXwBf-Results,10,50,5,Sacrifice,6,10,0,10000,Evolife,9990,2,2,0,0,1
190325180553,0,40,1,0,100,0,10,5000,0,10,Weighted,8,0,100,10,,10,75,5,1,100,0,1,200,10,15,./+AF8AXwBf-Results,10,50,5,Sacrifice,6,10,0,10000,Evolife,9990,1,2,0,0,1
190325180908,0,40,1,0,100,0,10,5000,0,10,Weighted,8,0,100,10,25,10,75,5,1,100,30,1,1000,10,15,./+AF8AXwBf-Results,50,50,5,Sacrifice,6,10,0,10000,Evolife,9990,76,5,75,1,20
190325180958,0,40,1,0,100,0,10,5000,0,10,Weighted,8,0,100,10,25,10,75,5,1,100,40,1,200,10,15,./+AF8AXwBf-Results,10,50,5,Sacrifice,6,10,0,10000,Evolife,9990,76,10,75,0,2
190325181020,0,40,1,0,100,0,10,5000,0,10,Weighted,8,0,100,10,25,10,75,5,1,100,60,1,200,10,15,./+AF8AXwBf-Results,10,50,5,Sacrifice,6,10,0,10000,Evolife,9990,75,4,75,1,2
190325181224,0,40,1,0,100,0,10,5000,0,10,Weighted,8,0,100,10,25,10,75,5,1,100,70,1,200,10,15,./+AF8AXwBf-Results,10,50,5,Sacrifice,6,10,0,10000,Evolife,9990,76,5,75,1,3
190325181240,0,40,1,0,100,0,10,5000,0,10,Weighted,8,0,100,10,25,10,75,5,1,100,80,1,200,10,15,./+AF8AXwBf-Results,10,50,5,Sacrifice,6,10,0,10000,Evolife,9990,76,5,75,1,3
190325181359,0,40,1,0,100,0,10,5000,0,10,Weighted,8,0,100,10,25,10,75,5,1,100,80,1,200,10,15,./+AF8AXwBf-Results,10,50,5,Sacrifice,6,10,0,10000,Evolife,9990,76,4,75,1,4
190325181438,0,40,1,0,100,0,10,5000,0,10,Weighted,8,0,100,10,25,10,75,5,1,100,100,1,1000,10,15,./+AF8AXwBf-Results,50,50,5,Sacrifice,6,10,0,10000,Evolife,9990,77,7,75,1,23
190325181506,0,40,1,0,100,0,10,5000,0,10,Weighted,8,0,100,10,,10,100,5,1,100,0,1,200,10,15,./+AF8AXwBf-Results,10,50,5,Sacrifice,6,10,0,10000,Evolife,9990,2,1,0,0,1
190325181528,0,40,1,0,100,0,10,5000,0,10,Weighted,8,0,100,10,,10,100,5,1,100,0,1,200,10,15,./+AF8AXwBf-Results,10,50,5,Sacrifice,6,10,0,10000,Evolife,9990,1,2,0,0,1
190325181628,0,40,1,0,100,0,10,5000,0,10,Weighted,8,0,100,10,25,10,100,5,1,100,10,1,200,10,15,./+AF8AXwBf-Results,10,50,5,Sacrifice,6,10,0,10000,Evolife,9990,7,7,4,1,3
190325181652,0,40,1,0,100,0,10,5000,0,10,Weighted,8,0,100,10,25,10,100,5,1,100,10,1,200,10,15,./+AF8AXwBf-Results,10,50,5,Sacrifice,6,10,0,10000,Evolife,9990,9,9,5,1,3
190325181857,0,40,1,0,100,0,10,5000,0,10,Weighted,8,0,100,10,25,10,100,5,1,100,10,1,1000,10,15,./+AF8AXwBf-Results,50,50,5,Sacrifice,6,10,0,10000,Evolife,9990,6,6,3,1,14
190325181936,0,40,1,0,100,0,10,5000,0,10,Weighted,8,0,100,10,25,10,100,5,1,100,40,1,200,10,15,./+AF8AXwBf-Results,10,50,5,Sacrifice,6,10,0,10000,Evolife,9990,28,92,89,2,6
190325181945,0,40,1,0,100,0,10,5000,0,10,Weighted,8,0,100,10,25,10,100,5,1,100,40,1,200,10,15,./+AF8AXwBf-Results,10,50,5,Sacrifice,6,10,0,10000,Evolife,9990,16,97,97,2,5
190325182155,0,40,1,0,100,0,10,5000,0,10,Weighted,8,0,100,10,25,10,100,5,1,100,50,1,200,10,15,./+AF8AXwBf-Results,10,50,5,Sacrifice,6,10,0,10000,Evolife,9990,18,96,96,3,7
190325183138,0,40,1,0,100,0,10,5000,0,10,Weighted,8,0,100,10,25,10,100,5,1,100,60,1,200,10,15,./+AF8AXwBf-Results,10,50,5,Sacrifice,6,10,0,10000,Evolife,9990,37,93,85,2,5
190325183401,0,40,1,0,100,0,10,5000,0,10,Weighted,8,0,100,10,25,10,100,5,1,100,90,1,200,10,15,./+AF8AXwBf-Results,10,50,5,Sacrifice,6,10,0,10000,Evolife,9990,25,97,94,2,6
190325183411,0,40,1,0,100,0,10,5000,0,10,Weighted,8,0,100,10,25,10,100,5,1,100,100,1,200,10,15,./+AF8AXwBf-Results,10,50,5,Sacrifice,6,10,0,10000,Evolife,9990,52,97,91,2,6
190325183618,0,40,1,0,100,0,10,5000,0,10,Weighted,8,0,100,10,25,10,5,5,1,100,10,1,200,10,30,./+AF8AXwBf-Results,10,50,5,Sacrifice,6,10,0,10000,Evolife,9990,7,22,5,1,3
190325183712,0,40,1,0,100,0,10,5000,0,10,Weighted,8,0,100,10,25,10,5,5,1,100,20,1,200,10,30,./+AF8AXwBf-Results,10,50,5,Sacrifice,6,10,0,10000,Evolife,9990,7,46,6,1,3
190325183742,0,40,1,0,100,0,10,5000,0,10,Weighted,8,0,100,10,25,10,5,5,1,100,20,1,200,10,30,./+AF8AXwBf-Results,10,50,5,Sacrifice,6,10,0,10000,Evolife,9990,6,41,6,0,3
190325183830,0,40,1,0,100,0,10,5000,0,10,Weighted,8,0,100,10,25,10,5,5,1,100,30,1,200,10,30,./+AF8AXwBf-Results,10,50,5,Sacrifice,6,10,0,10000,Evolife,9990,7,29,6,1,3
190325183944,0,40,1,0,100,0,10,5000,0,10,Weighted,8,0,100,10,25,10,5,5,1,100,40,1,200,10,30,./+AF8AXwBf-Results,10,50,5,Sacrifice,6,10,0,10000,Evolife,9990,7,26,6,1,3
190325184234,0,40,1,0,100,0,10,5000,0,10,Weighted,8,0,100,10,25,10,5,5,1,100,50,1,200,10,30,./+AF8AXwBf-Results,10,50,5,Sacrifice,6,10,0,10000,Evolife,9990,13,23,12,1,4
190325184314,0,40,1,0,100,0,10,5000,0,10,Weighted,8,0,100,10,25,10,5,5,1,100,70,1,200,10,30,./+AF8AXwBf-Results,10,50,5,Sacrifice,6,10,0,10000,Evolife,9990,7,36,6,1,4
190325184420,0,40,1,0,100,0,10,5000,0,10,Weighted,8,0,100,10,25,10,5,5,1,100,90,1,200,10,30,./+AF8AXwBf-Results,10,50,5,Sacrifice,6,10,0,10000,Evolife,9990,7,24,6,1,3
190325184451,0,40,1,0,100,0,10,5000,0,10,Weighted,8,0,100,10,25,10,5,5,1,100,100,1,200,10,30,./+AF8AXwBf-Results,10,50,5,Sacrifice,6,10,0,10000,Evolife,9990,13,12,12,1,4
190325184615,0,40,1,0,100,0,10,5000,0,10,Weighted,8,0,100,10,25,10,25,5,1,100,30,1,200,10,30,./+AF8AXwBf-Results,10,50,5,Sacrifice,6,10,0,10000,Evolife,9990,26,13,25,1,5
190325184624,0,40,1,0,100,0,10,5000,0,10,Weighted,8,0,100,10,25,10,25,5,1,100,40,1,200,10,30,./+AF8AXwBf-Results,10,50,5,Sacrifice,6,10,0,10000,Evolife,9990,26,24,25,1,4
190325184651,0,40,1,0,100,0,10,5000,0,10,Weighted,8,0,100,10,25,10,25,5,1,100,50,1,200,10,30,./+AF8AXwBf-Results,10,50,5,Sacrifice,6,10,0,10000,Evolife,9990,25,23,25,1,5
190325184800,0,40,1,0,100,0,10,5000,0,10,Weighted,8,0,100,10,25,10,25,5,1,100,50,1,200,10,30,./+AF8AXwBf-Results,10,50,5,Sacrifice,6,10,0,10000,Evolife,9990,25,11,25,1,4
190325185152,0,40,1,0,100,0,10,5000,0,10,Weighted,8,0,100,10,25,10,25,5,1,100,70,1,200,10,30,./+AF8AXwBf-Results,10,50,5,Sacrifice,6,10,0,10000,Evolife,9990,26,23,25,1,5
190325185243,0,40,1,0,100,0,10,5000,0,10,Weighted,8,0,100,10,25,10,25,5,1,100,70,1,200,10,30,./+AF8AXwBf-Results,10,50,5,Sacrifice,6,10,0,10000,Evolife,9990,25,12,25,1,4
190325185406,0,40,1,0,100,0,10,5000,0,10,Weighted,8,0,100,10,25,10,25,5,1,100,90,1,200,10,30,./+AF8AXwBf-Results,10,50,5,Sacrifice,6,10,0,10000,Evolife,9990,26,11,25,1,5
190325185528,0,40,1,0,100,0,10,5000,0,10,Weighted,8,0,100,10,25,10,25,5,1,100,100,1,200,10,30,./+AF8AXwBf-Results,10,50,5,Sacrifice,6,10,0,10000,Evolife,9990,26,13,25,1,5
190325185737,0,40,1,0,100,0,10,5000,0,10,Weighted,8,0,100,10,25,10,25,5,1,100,100,1,200,10,30,./+AF8AXwBf-Results,10,50,5,Sacrifice,6,10,0,10000,Evolife,9990,51,9,50,1,5
190325190149,0,40,1,0,100,0,10,5000,0,10,Weighted,8,0,100,10,25,10,25,5,1,100,100,1,200,10,30,./+AF8AXwBf-Results,10,50,5,Sacrifice,6,10,0,10000,Evolife,9990,26,17,25,1,5
190325190319,0,40,1,0,100,0,10,5000,0,10,Weighted,8,0,100,10,25,10,25,5,1,100,100,1,200,10,30,./+AF8AXwBf-Results,10,50,5,Sacrifice,6,10,0,10000,Evolife,9990,26,12,25,1,4
190325190519,0,40,1,0,100,0,10,5000,0,15,Weighted,8,0,100,0,,10,50,5,1,100,0,1,200,10,30,./+AF8AXwBf-Results,10,50,5,Sacrifice,6,10,0,10000,Evolife,9990,1,1,0,0,1
190325190822,0,40,1,0,0,0,10,5000,0,15,Weighted,8,0,100,20,,10,50,5,1,100,0,1,200,10,30,./+AF8AXwBf-Results,10,50,5,Sacrifice,6,10,0,10000,Evolife,9990,2,2,0,0,1
190325190911,0,40,1,0,0,0,10,5000,0,10,Weighted,8,0,100,5,,10,50,5,1,100,0,1,200,10,30,./+AF8AXwBf-Results,10,50,5,Sacrifice,6,10,0,10000,Evolife,9990,1,1,0,0,1
190325191011,0,40,1,0,100,0,10,5000,0,5,Weighted,8,0,100,5,,10,50,5,1,100,0,1,200,10,30,./+AF8AXwBf-Results,10,50,5,Sacrifice,6,10,0,10000,Evolife,9990,0,0,0,0,1
190325191022,0,40,1,0,0,0,10,5000,0,20,Weighted,8,0,100,0,,10,50,5,1,100,0,1,200,10,30,./+AF8AXwBf-Results,10,50,5,Sacrifice,6,10,0,10000,Evolife,9990,2,2,0,0,1
190325191030,0,40,1,0,100,0,10,5000,0,20,Weighted,8,0,100,0,,10,50,5,1,100,0,1,200,10,30,./+AF8AXwBf-Results,10,50,5,Sacrifice,6,10,0,10000,Evolife,9990,2,2,0,0,1
190325191425,0,40,1,0,0,0,10,5000,0,15,Weighted,8,0,100,0,,10,50,5,1,100,0,1,200,10,30,./+AF8AXwBf-Results,10,50,5,Sacrifice,6,10,0,10000,Evolife,9990,1,1,0,0,1
190325191724,0,40,1,0,200,0,10,5000,0,10,Weighted,8,0,100,10,,10,50,5,1,100,0,1,200,10,30,./+AF8AXwBf-Results,10,50,5,Sacrifice,6,10,0,10000,Evolife,9990,1,1,0,0,1
190325191730,0,40,1,0,200,0,10,5000,0,5,Weighted,8,0,100,0,,10,50,5,1,100,0,1,200,10,30,./+AF8AXwBf-Results,10,50,5,Sacrifice,6,10,0,10000,Evolife,9990,0,0,0,0,1
190325191811,0,40,1,0,100,0,10,5000,0,0,Weighted,8,0,100,10,,10,50,5,1,100,0,1,200,10,30,./+AF8AXwBf-Results,10,50,5,Sacrifice,6,10,0,10000,Evolife,9990,47,30,45,2,6
190325191904,0,40,1,0,0,0,10,5000,0,15,Weighted,8,0,100,15,,10,50,5,1,100,0,1,200,10,30,./+AF8AXwBf-Results,10,50,5,Sacrifice,6,10,0,10000,Evolife,9990,2,1,0,0,1
190325192030,0,40,1,0,100,0,10,5000,0,10,Weighted,8,0,100,10,,10,50,5,1,100,0,1,200,10,30,./+AF8AXwBf-Results,10,50,5,Sacrifice,6,10,0,10000,Evolife,9990,1,1,0,0,1
190325192307,0,40,1,0,100,0,10,5000,0,10,Weighted,8,0,100,10,,10,50,5,1,100,0,1,200,10,30,./+AF8AXwBf-Results,10,50,5,Sacrifice,6,10,0,10000,Evolife,9990,1,1,0,0,1
190325192634,0,40,1,0,100,0,10,5000,0,5,Weighted,8,0,100,5,50,10,50,5,1,100,10,1,200,10,30,./+AF8AXwBf-Results,10,50,5,Sacrifice,6,10,0,10000,Evolife,9990,22,20,54,2,7
190325192723,0,40,1,0,100,0,10,5000,0,20,Weighted,8,0,100,10,20,10,50,5,1,100,10,1,200,10,30,./+AF8AXwBf-Results,10,50,5,Sacrifice,6,10,0,10000,Evolife,9990,3,4,0,1,4
190325192734,0,40,1,0,200,0,10,5000,0,0,Weighted,8,0,100,5,10,10,50,5,1,100,10,1,200,10,30,./+AF8AXwBf-Results,10,50,5,Sacrifice,6,10,0,10000,Evolife,9990,2,1,68,0,2
190325192840,0,40,1,0,200,0,10,5000,0,0,Weighted,8,0,100,10,40,10,50,5,1,100,10,1,200,10,30,./+AF8AXwBf-Results,10,50,5,Sacrifice,6,10,0,10000,Evolife,9990,70,5,74,2,6
190325193148,0,40,1,0,200,0,10,5000,0,10,Weighted,8,0,100,20,30,10,50,5,1,100,10,1,200,10,30,./+AF8AXwBf-Results,10,50,5,Sacrifice,6,10,0,10000,Evolife,9990,51,32,50,1,5
190325193418,0,40,1,0,0,0,10,5000,0,15,Weighted,8,0,100,10,20,10,50,5,1,100,10,1,200,10,30,./+AF8AXwBf-Results,10,50,5,Sacrifice,6,10,0,10000,Evolife,9990,2,2,0,0,2
190325193654,0,40,1,0,100,0,10,5000,0,0,Weighted,8,0,100,5,10,10,50,5,1,100,10,1,200,10,30,./+AF8AXwBf-Results,10,50,5,Sacrifice,6,10,0,10000,Evolife,9990,3,1,70,0,3
190325193817,0,40,1,0,200,0,10,5000,0,15,Weighted,8,0,100,20,20,10,50,5,1,100,10,1,200,10,30,./+AF8AXwBf-Results,10,50,5,Sacrifice,6,10,0,10000,Evolife,9990,45,29,44,2,6
190325193913,0,40,1,0,0,0,10,5000,0,10,Weighted,8,0,100,5,10,10,50,5,1,100,10,1,200,10,30,./+AF8AXwBf-Results,10,50,5,Sacrifice,6,10,0,10000,Evolife,9990,1,1,0,0,2
190325194107,0,40,1,0,100,0,10,5000,0,20,Weighted,8,0,100,0,0,10,50,5,1,100,10,1,200,10,30,./+AF8AXwBf-Results,10,50,5,Sacrifice,6,10,0,10000,Evolife,9990,2,2,0,0,2
190325194317,0,40,1,0,0,0,10,5000,0,10,Weighted,8,0,100,5,30,10,50,5,1,100,10,1,200,10,30,./+AF8AXwBf-Results,10,50,5,Sacrifice,6,10,0,10000,Evolife,9990,3,2,0,0,2
190325194422,0,40,1,0,100,0,10,5000,0,10,Weighted,8,0,100,10,25,10,50,5,1,100,10,1,200,10,30,./+AF8AXwBf-Results,10,50,5,Sacrifice,6,10,0,10000,Evolife,9990,7,9,4,2,7
190325194431,0,40,1,0,100,0,10,5000,0,10,Weighted,8,0,100,10,25,10,50,5,1,100,10,1,200,10,30,./+AF8AXwBf-Results,10,50,5,Sacrifice,6,10,0,10000,Evolife,9990,6,9,2,2,6
190325194515,0,40,1,0,0,0,10,5000,0,20,Weighted,8,0,100,20,10,10,50,5,1,100,20,1,200,10,30,./+AF8AXwBf-Results,10,50,5,Sacrifice,6,10,0,10000,Evolife,9990,3,2,0,0,2
190325194618,0,40,1,0,100,0,10,5000,0,5,Weighted,8,0,100,0,50,10,50,5,1,100,20,1,200,10,30,./+AF8AXwBf-Results,10,50,5,Sacrifice,6,10,0,10000,Evolife,9990,0,1,64,0,2
190325194631,0,40,1,0,200,0,10,5000,0,20,Weighted,8,0,100,10,20,10,50,5,1,100,20,1,200,10,30,./+AF8AXwBf-Results,10,50,5,Sacrifice,6,10,0,10000,Evolife,9990,50,6,50,1,5
190325194852,0,40,1,0,100,0,10,5000,0,10,Weighted,8,0,100,5,0,10,50,5,1,100,20,1,200,10,30,./+AF8AXwBf-Results,10,50,5,Sacrifice,6,10,0,10000,Evolife,9990,14,4,48,1,4
190325195007,0,40,1,0,100,0,10,5000,0,5,Weighted,8,0,100,5,10,10,50,5,1,100,20,1,200,10,30,./+AF8AXwBf-Results,10,50,5,Sacrifice,6,10,0,10000,Evolife,9990,5,1,53,1,3
190325195056,0,40,1,0,0,0,10,5000,0,15,Weighted,8,0,100,5,20,10,50,5,1,100,20,1,200,10,30,./+AF8AXwBf-Results,10,50,5,Sacrifice,6,10,0,10000,Evolife,9990,3,2,0,0,2
190325195549,0,40,1,0,0,0,10,5000,0,20,Weighted,8,0,100,20,50,10,50,5,1,100,20,1,200,10,30,./+AF8AXwBf-Results,10,50,5,Sacrifice,6,10,0,10000,Evolife,9990,5,4,0,1,3
190325195658,0,40,1,0,100,0,10,5000,0,15,Weighted,8,0,100,5,30,10,50,5,1,100,20,1,200,10,30,./+AF8AXwBf-Results,10,50,5,Sacrifice,6,10,0,10000,Evolife,9990,22,32,41,2,8
190325195721,0,40,1,0,100,0,10,5000,0,0,Weighted,8,0,100,5,20,10,50,5,1,100,20,1,200,10,30,./+AF8AXwBf-Results,10,50,5,Sacrifice,6,10,0,10000,Evolife,9990,0,0,68,0,2
190325195944,0,40,1,0,0,0,10,5000,0,20,Weighted,8,0,100,15,50,10,50,5,1,100,20,1,200,10,30,./+AF8AXwBf-Results,10,50,5,Sacrifice,6,10,0,10000,Evolife,9990,5,5,0,1,3
190325200034,0,40,1,0,200,0,10,5000,0,5,Weighted,8,0,100,10,40,10,50,5,1,100,20,1,200,10,30,./+AF8AXwBf-Results,10,50,5,Sacrifice,6,10,0,10000,Evolife,9990,50,8,50,2,6
190325200319,0,40,1,0,0,0,10,5000,0,10,Weighted,8,0,100,5,10,10,50,5,1,100,30,1,200,10,30,./+AF8AXwBf-Results,10,50,5,Sacrifice,6,10,0,10000,Evolife,9990,3,1,0,0,2
190325201039,0,40,1,0,100,0,10,5000,0,10,Weighted,8,0,100,0,30,10,50,5,1,100,30,1,200,10,30,./+AF8AXwBf-Results,10,50,5,Sacrifice,6,10,0,10000,Evolife,9990,0,1,66,0,2
190325201059,0,40,1,0,0,0,10,5000,0,10,Weighted,8,0,100,20,30,10,50,5,1,100,30,1,200,10,30,./+AF8AXwBf-Results,10,50,5,Sacrifice,6,10,0,10000,Evolife,9990,4,2,0,0,2
190325201555,0,40,1,0,0,0,10,5000,0,15,Weighted,8,0,100,20,0,10,50,5,1,100,30,1,200,10,30,./+AF8AXwBf-Results,10,50,5,Sacrifice,6,10,0,10000,Evolife,9990,2,2,0,0,1
190325201628,0,40,1,0,0,0,10,5000,0,5,Weighted,8,0,100,15,10,10,50,5,1,100,30,1,200,10,30,./+AF8AXwBf-Results,10,50,5,Sacrifice,6,10,0,10000,Evolife,9990,3,1,0,0,2
190325202115,0,40,1,0,200,0,10,5000,0,5,Weighted,8,0,100,5,40,10,50,5,1,100,30,1,200,10,30,./+AF8AXwBf-Results,10,50,5,Sacrifice,6,10,0,10000,Evolife,9990,10,1,51,1,4
190325202434,0,40,1,0,200,0,10,5000,0,15,Weighted,8,0,100,10,30,10,50,5,1,100,30,1,200,10,30,./+AF8AXwBf-Results,10,50,5,Sacrifice,6,10,0,10000,Evolife,9990,51,6,50,1,5
190325202924,0,40,1,0,0,0,10,5000,0,0,Weighted,8,0,100,0,20,10,50,5,1,100,30,1,200,10,30,./+AF8AXwBf-Results,10,50,5,Sacrifice,6,10,0,10000,Evolife,9990,1,4,50,1,3
190325203142,0,40,1,0,100,0,10,5000,0,20,Weighted,8,0,100,15,10,10,50,5,1,100,30,1,200,10,30,./+AF8AXwBf-Results,10,50,5,Sacrifice,6,10,0,10000,Evolife,9990,51,33,50,1,4
190325204633,0,40,1,0,200,0,10,5000,0,10,Weighted,8,0,100,0,10,10,50,5,1,100,30,1,200,10,30,./+AF8AXwBf-Results,10,50,5,Sacrifice,6,10,0,10000,Evolife,9990,0,0,74,0,2
190325205032,0,40,1,0,200,0,10,5000,0,20,Weighted,8,0,100,0,40,10,50,5,1,100,30,1,200,10,30,./+AF8AXwBf-Results,10,50,5,Sacrifice,6,10,0,10000,Evolife,9990,1,1,71,0,3
190325210134,0,40,1,0,100,0,10,5000,0,15,Weighted,8,0,100,5,50,10,50,5,1,100,40,1,200,10,30,./+AF8AXwBf-Results,10,50,5,Sacrifice,6,10,0,10000,Evolife,9990,20,1,50,1,4
190326120226,0,40,1,0,100,0,10,5000,0,5,Weighted,8,0,100,15,50,10,50,5,1,100,40,1,200,10,30,./+AF8AXwBf-Results,10,50,5,Sacrifice,6,10,0,10000,Evolife,9990,51,43,50,2,6
190325173701,0,40,1,0,0,0,10,5000,0,0,Weighted,8,0,100,20,40,10,50,5,1,100,40,1,200,10,30,./+AF8AXwBf-Results,10,50,5,Sacrifice,6,10,0,10000,Evolife,9990,68,43,55,2,8
190325173814,0,40,1,0,200,0,10,5000,0,20,Weighted,8,0,100,20,50,10,50,5,1,100,40,1,200,10,30,./+AF8AXwBf-Results,10,50,5,Sacrifice,6,10,0,10000,Evolife,9990,51,26,50,1,4
190325180312,0,40,1,0,200,0,10,5000,0,0,Weighted,8,0,100,20,40,10,50,5,1,100,40,1,200,10,30,./+AF8AXwBf-Results,10,50,5,Sacrifice,6,10,0,10000,Evolife,9990,74,26,71,2,5
190325181643,0,40,1,0,0,0,10,5000,0,20,Weighted,8,0,100,20,0,10,50,5,1,100,40,1,200,10,30,./+AF8AXwBf-Results,10,50,5,Sacrifice,6,10,0,10000,Evolife,9990,2,2,0,0,1
190325183445,0,40,1,0,0,0,10,5000,0,0,Weighted,8,0,100,10,50,10,50,5,1,100,40,1,200,10,30,./+AF8AXwBf-Results,10,50,5,Sacrifice,6,10,0,10000,Evolife,9990,49,45,55,2,7
190325190202,0,40,1,0,200,0,10,5000,0,10,Weighted,8,0,100,10,50,10,50,5,1,100,40,1,200,10,30,./+AF8AXwBf-Results,10,50,5,Sacrifice,6,10,0,10000,Evolife,9990,50,8,50,1,5
190325190932,0,40,1,0,0,0,10,5000,0,20,Weighted,8,0,100,20,10,10,50,5,1,100,40,1,200,10,30,./+AF8AXwBf-Results,10,50,5,Sacrifice,6,10,0,10000,Evolife,9990,4,1,0,0,2
190325192350,0,40,1,0,200,0,10,5000,0,5,Weighted,8,0,100,20,0,10,50,5,1,100,40,1,200,10,30,./+AF8AXwBf-Results,10,50,5,Sacrifice,6,10,0,10000,Evolife,9990,51,43,50,2,6
190325194350,0,40,1,0,100,0,10,5000,0,15,Weighted,8,0,100,0,30,10,50,5,1,100,40,1,1000,10,30,./+AF8AXwBf-Results,50,50,5,Sacrifice,6,10,0,10000,Evolife,9990,1,2,62,1,15
190325202500,0,40,1,0,0,0,10,5000,0,15,Weighted,8,0,100,0,20,10,50,5,1,100,50,1,200,10,30,./+AF8AXwBf-Results,10,50,5,Sacrifice,6,10,0,10000,Evolife,9990,7,1,0,0,2
190325204053,0,40,1,0,200,0,10,5000,0,10,Weighted,8,0,100,20,40,10,50,5,1,100,50,1,200,10,30,./+AF8AXwBf-Results,10,50,5,Sacrifice,6,10,0,10000,Evolife,9990,51,33,50,1,5
190326115523,0,40,1,0,0,0,10,5000,0,15,Weighted,8,0,100,0,40,10,50,5,1,100,50,1,200,10,30,./+AF8AXwBf-Results,10,50,5,Sacrifice,6,10,0,10000,Evolife,9990,8,2,0,1,3
190325173711,0,40,1,0,100,0,10,5000,0,0,Weighted,8,0,100,10,50,10,50,5,1,100,50,1,200,10,30,./+AF8AXwBf-Results,10,50,5,Sacrifice,6,10,0,10000,Evolife,9990,66,9,69,2,6
190325173804,0,40,1,0,0,0,10,5000,0,10,Weighted,8,0,100,20,40,10,50,5,1,100,50,1,200,10,30,./+AF8AXwBf-Results,10,50,5,Sacrifice,6,10,0,10000,Evolife,9990,11,2,0,0,3
190325180410,0,40,1,0,100,0,10,5000,0,20,Weighted,8,0,100,15,30,10,50,5,1,100,50,1,200,10,30,./+AF8AXwBf-Results,10,50,5,Sacrifice,6,10,0,10000,Evolife,9990,51,15,50,1,4
190325181937,0,40,1,0,200,0,10,5000,0,10,Weighted,8,0,100,15,10,10,50,5,1,100,50,1,200,10,30,./+AF8AXwBf-Results,10,50,5,Sacrifice,6,10,0,10000,Evolife,9990,51,20,50,1,5
190325183804,0,40,1,0,100,0,10,5000,0,5,Weighted,8,0,100,0,30,10,50,5,1,100,50,1,200,10,30,./+AF8AXwBf-Results,10,50,5,Sacrifice,6,10,0,10000,Evolife,9990,0,0,70,0,2
190325184857,0,40,1,0,100,0,10,5000,0,5,Weighted,8,0,100,20,40,10,50,5,1,100,50,1,200,10,30,./+AF8AXwBf-Results,10,50,5,Sacrifice,6,10,0,10000,Evolife,9990,53,41,51,2,6
190325192016,0,40,1,0,100,0,10,5000,0,15,Weighted,8,0,100,15,30,10,50,5,1,100,50,1,200,10,30,./+AF8AXwBf-Results,10,50,5,Sacrifice,6,10,0,10000,Evolife,9990,51,18,50,1,5
190325193417,0,40,1,0,200,0,10,5000,0,20,Weighted,8,0,100,0,20,10,50,5,1,100,50,1,200,10,30,./+AF8AXwBf-Results,10,50,5,Sacrifice,6,10,0,10000,Evolife,9990,0,1,73,0,3
190325195454,0,40,1,0,100,0,10,5000,0,10,Weighted,8,0,100,10,25,10,50,5,1,100,50,1,200,10,30,./+AF8AXwBf-Results,10,50,5,Sacrifice,6,10,0,10000,Evolife,9990,51,8,50,1,5
190325202157,0,40,1,0,200,0,10,5000,0,10,Weighted,8,0,100,10,40,10,50,5,1,100,60,1,200,10,30,./+AF8AXwBf-Results,10,50,5,Sacrifice,6,10,0,10000,Evolife,9990,51,8,50,2,6
190325202619,0,40,1,0,200,0,10,5000,0,5,Weighted,8,0,100,0,30,10,50,5,1,100,60,1,200,10,30,./+AF8AXwBf-Results,10,50,5,Sacrifice,6,10,0,10000,Evolife,9990,0,1,73,0,2
190326120315,0,40,1,0,100,0,10,5000,0,5,Weighted,8,0,100,15,20,10,50,5,1,100,60,1,200,10,30,./+AF8AXwBf-Results,10,50,5,Sacrifice,6,10,0,10000,Evolife,9990,51,21,50,1,5
190325173713,0,40,1,0,100,0,10,5000,0,15,Weighted,8,0,100,15,20,10,50,5,1,100,60,1,200,10,30,./+AF8AXwBf-Results,10,50,5,Sacrifice,6,10,0,10000,Evolife,9990,51,15,50,1,5
190325173810,0,40,1,0,100,0,10,5000,0,15,Weighted,8,0,100,0,0,10,50,5,1,100,60,1,200,10,30,./+AF8AXwBf-Results,10,50,5,Sacrifice,6,10,0,10000,Evolife,9990,0,0,78,0,2
190325180143,0,40,1,0,100,0,10,5000,0,15,Weighted,8,0,100,5,10,10,50,5,1,100,60,1,200,10,30,./+AF8AXwBf-Results,10,50,5,Sacrifice,6,10,0,10000,Evolife,9990,20,1,50,1,4
190325181957,0,40,1,0,200,0,10,5000,0,15,Weighted,8,0,100,15,40,10,50,5,1,100,60,1,200,10,30,./+AF8AXwBf-Results,10,50,5,Sacrifice,6,10,0,10000,Evolife,9990,52,19,50,1,4
190325184553,0,40,1,0,200,0,10,5000,0,20,Weighted,8,0,100,10,0,10,50,5,1,100,60,1,200,10,30,./+AF8AXwBf-Results,10,50,5,Sacrifice,6,10,0,10000,Evolife,9990,51,7,50,1,5
190325190054,0,40,1,0,0,0,10,5000,0,0,Weighted,8,0,100,20,30,10,50,5,1,100,60,1,200,10,30,./+AF8AXwBf-Results,10,50,5,Sacrifice,6,10,0,10000,Evolife,9990,76,39,71,2,6
190325190941,0,40,1,0,0,0,10,5000,0,15,Weighted,8,0,100,0,20,10,50,5,1,100,60,1,200,10,30,./+AF8AXwBf-Results,10,50,5,Sacrifice,6,10,0,10000,Evolife,9990,9,2,0,1,3
190325193542,0,40,1,0,100,0,10,5000,0,10,Weighted,8,0,100,20,0,10,50,5,1,100,60,1,200,10,30,./+AF8AXwBf-Results,10,50,5,Sacrifice,6,10,0,10000,Evolife,9990,51,31,50,2,6
190325194302,0,40,1,0,200,0,10,5000,0,20,Weighted,8,0,100,20,0,10,50,5,1,100,70,1,200,10,30,./+AF8AXwBf-Results,10,50,5,Sacrifice,6,10,0,10000,Evolife,9990,51,17,50,1,5
190325200532,0,40,1,0,200,0,10,5000,0,5,Weighted,8,0,100,5,40,10,50,5,1,100,70,1,200,10,30,./+AF8AXwBf-Results,10,50,5,Sacrifice,6,10,0,10000,Evolife,9990,15,1,51,1,5
190325210239,0,40,1,0,200,0,10,5000,0,15,Weighted,8,0,100,10,30,10,50,5,1,100,70,1,200,10,30,./+AF8AXwBf-Results,10,50,5,Sacrifice,6,10,0,10000,Evolife,9990,51,4,50,1,5
190326115533,0,40,1,0,0,0,10,5000,0,20,Weighted,8,0,100,5,50,10,50,5,1,100,70,1,200,10,30,./+AF8AXwBf-Results,10,50,5,Sacrifice,6,10,0,10000,Evolife,9990,17,3,1,1,4
190325173705,0,40,1,0,200,0,10,5000,0,5,Weighted,8,0,100,0,20,10,50,5,1,100,70,1,200,10,30,./+AF8AXwBf-Results,10,50,5,Sacrifice,6,10,0,10000,Evolife,9990,0,0,69,0,2
190325173812,0,40,1,0,200,0,10,5000,0,0,Weighted,8,0,100,20,50,10,50,5,1,100,70,1,200,10,30,./+AF8AXwBf-Results,10,50,5,Sacrifice,6,10,0,10000,Evolife,9990,83,17,78,2,6
190325180720,0,40,1,0,100,0,10,5000,0,0,Weighted,8,0,100,10,50,10,50,5,1,100,70,1,200,10,30,./+AF8AXwBf-Results,10,50,5,Sacrifice,6,10,0,10000,Evolife,9990,71,6,74,2,7
190325182242,0,40,1,0,100,0,10,5000,0,5,Weighted,8,0,100,20,30,10,50,5,1,100,70,1,200,10,30,./+AF8AXwBf-Results,10,50,5,Sacrifice,6,10,0,10000,Evolife,9990,51,28,50,2,6
190325182907,0,40,1,0,200,0,10,5000,0,5,Weighted,8,0,100,0,20,10,50,5,1,100,70,1,200,10,30,./+AF8AXwBf-Results,10,50,5,Sacrifice,6,10,0,10000,Evolife,9990,0,0,74,0,3
190325190219,0,40,1,0,200,0,10,5000,0,0,Weighted,8,0,100,5,0,10,50,5,1,100,70,1,200,10,30,./+AF8AXwBf-Results,10,50,5,Sacrifice,6,10,0,10000,Evolife,9990,0,0,70,0,2
190325190317,0,40,1,0,100,0,10,5000,0,5,Weighted,8,0,100,15,10,10,50,5,1,100,70,1,200,10,30,./+AF8AXwBf-Results,10,50,5,Sacrifice,6,10,0,10000,Evolife,9990,51,33,50,1,5
190325193143,0,40,1,0,0,0,10,5000,0,0,Weighted,8,0,100,15,50,10,50,5,1,100,80,1,200,10,30,./+AF8AXwBf-Results,10,50,5,Sacrifice,6,10,0,10000,Evolife,9990,73,44,56,1,5
190325194027,0,40,1,0,0,0,10,5000,0,20,Weighted,8,0,100,15,10,10,50,5,1,100,80,1,200,10,30,./+AF8AXwBf-Results,10,50,5,Sacrifice,6,10,0,10000,Evolife,9990,12,2,0,0,3
190325201713,0,40,1,0,200,0,10,5000,0,20,Weighted,8,0,100,15,50,10,50,5,1,100,80,1,200,10,30,./+AF8AXwBf-Results,10,50,5,Sacrifice,6,10,0,10000,Evolife,9990,51,17,50,1,5
190325214934,0,40,1,0,200,0,10,5000,0,20,Weighted,8,0,100,0,10,10,50,5,1,100,80,1,200,10,30,./+AF8AXwBf-Results,10,50,5,Sacrifice,6,10,0,10000,Evolife,9990,0,0,69,0,2
190326115517,0,40,1,0,0,0,10,5000,0,10,Weighted,8,0,100,15,30,10,50,5,1,100,80,1,200,10,30,./+AF8AXwBf-Results,10,50,5,Sacrifice,6,10,0,10000,Evolife,9990,22,9,7,1,5
190326122655,0,40,1,0,100,0,10,5000,0,10,Weighted,8,0,100,15,10,10,50,5,1,100,80,1,200,10,30,./+AF8AXwBf-Results,10,50,5,Sacrifice,6,10,0,10000,Evolife,9990,51,28,50,1,5
190325220335,0,40,1,0,200,0,10,5000,0,5,Weighted,8,0,100,15,40,10,50,5,1,100,80,1,200,10,30,./+AF8AXwBf-Results,10,50,5,Sacrifice,6,10,0,10000,Evolife,9990,51,27,50,2,6
190325173758,0,40,1,0,0,0,10,5000,0,0,Weighted,8,0,100,5,40,10,50,5,1,100,80,1,200,10,30,./+AF8AXwBf-Results,10,50,5,Sacrifice,6,10,0,10000,Evolife,9990,28,30,32,1,5
190325180705,0,40,1,0,200,0,10,5000,0,15,Weighted,8,0,100,15,20,10,50,5,1,100,80,1,200,10,30,./+AF8AXwBf-Results,10,50,5,Sacrifice,6,10,0,10000,Evolife,9990,52,18,50,1,4
190325181313,0,40,1,0,200,0,10,5000,0,10,Weighted,8,0,100,5,50,10,50,5,1,100,80,1,200,10,30,./+AF8AXwBf-Results,10,50,5,Sacrifice,6,10,0,10000,Evolife,9990,14,1,50,1,5
190325184236,0,40,1,0,100,0,10,5000,0,0,Weighted,8,0,100,5,10,10,50,5,1,100,80,1,200,10,30,./+AF8AXwBf-Results,10,50,5,Sacrifice,6,10,0,10000,Evolife,9990,0,1,75,0,2
190325185205,0,40,1,0,100,0,10,5000,0,10,Weighted,8,0,100,10,25,10,50,5,1,100,80,1,200,10,30,./+AF8AXwBf-Results,10,50,5,Sacrifice,6,10,0,10000,Evolife,9990,51,10,50,1,4
190325191529,0,40,1,0,100,0,10,5000,0,5,Weighted,8,0,100,10,40,10,50,5,1,100,90,1,200,10,30,./+AF8AXwBf-Results,10,50,5,Sacrifice,6,10,0,10000,Evolife,9990,51,10,50,2,6
190325193047,0,40,1,0,0,0,10,5000,0,0,Weighted,8,0,100,15,0,10,50,5,1,100,90,1,200,10,30,./+AF8AXwBf-Results,10,50,5,Sacrifice,6,10,0,10000,Evolife,9990,63,27,59,2,6
190325195259,0,40,1,0,100,0,10,5000,0,0,Weighted,8,0,100,20,20,10,50,5,1,100,90,1,200,10,30,./+AF8AXwBf-Results,10,50,5,Sacrifice,6,10,0,10000,Evolife,9990,83,33,76,2,6
190325200042,0,40,1,0,200,0,10,5000,0,10,Weighted,8,0,100,15,30,10,50,5,1,100,90,1,200,10,30,./+AF8AXwBf-Results,10,50,5,Sacrifice,6,10,0,10000,Evolife,9990,51,16,50,1,5
190325220335,0,40,1,0,200,0,10,5000,0,0,Weighted,8,0,100,10,0,10,50,5,1,100,90,1,200,10,30,./+AF8AXwBf-Results,10,50,5,Sacrifice,6,10,0,10000,Evolife,9990,75,5,77,2,7
190326115525,0,40,1,0,200,0,10,5000,0,10,Weighted,8,0,100,0,50,10,50,5,1,100,90,1,200,10,30,./+AF8AXwBf-Results,10,50,5,Sacrifice,6,10,0,10000,Evolife,9990,1,2,68,0,3
190325173709,0,40,1,0,100,0,10,5000,0,5,Weighted,8,0,100,0,0,10,50,5,1,100,90,1,200,10,30,./+AF8AXwBf-Results,10,50,5,Sacrifice,6,10,0,10000,Evolife,9990,0,0,72,0,2
190325173800,0,40,1,0,100,0,10,5000,0,10,Weighted,8,0,100,5,10,10,50,5,1,100,90,1,200,10,30,./+AF8AXwBf-Results,10,50,5,Sacrifice,6,10,0,10000,Evolife,9990,19,1,51,1,4
190325180719,0,40,1,0,0,0,10,5000,0,10,Weighted,8,0,100,20,0,10,50,5,1,100,90,1,200,10,30,./+AF8AXwBf-Results,10,50,5,Sacrifice,6,10,0,10000,Evolife,9990,1,1,0,0,1
190325181508,0,40,1,0,0,0,10,5000,0,5,Weighted,8,0,100,10,40,10,50,5,1,100,90,1,200,10,30,./+AF8AXwBf-Results,10,50,5,Sacrifice,6,10,0,10000,Evolife,9990,42,25,19,2,6
190325183141,0,40,1,0,0,0,10,5000,0,15,Weighted,8,0,100,20,50,10,50,5,1,100,90,1,200,10,30,./+AF8AXwBf-Results,10,50,5,Sacrifice,6,10,0,10000,Evolife,9990,60,27,54,1,5
190325184641,0,40,1,0,200,0,10,5000,0,0,Weighted,8,0,100,15,30,10,50,5,1,100,100,1,200,10,30,./+AF8AXwBf-Results,10,50,5,Sacrifice,6,10,0,10000,Evolife,9990,71,15,72,2,6
190325191614,0,40,1,0,200,0,10,5000,0,0,Weighted,8,0,100,10,20,10,50,5,1,100,100,1,200,10,30,./+AF8AXwBf-Results,10,50,5,Sacrifice,6,10,0,10000,Evolife,9990,76,5,79,2,7
190325193819,0,40,1,0,100,0,10,5000,0,20,Weighted,8,0,100,10,0,10,50,5,1,100,100,1,200,10,30,./+AF8AXwBf-Results,10,50,5,Sacrifice,6,10,0,10000,Evolife,9990,51,12,50,1,5
190325194457,0,40,1,0,0,0,10,5000,0,15,Weighted,8,0,100,0,10,10,50,5,1,100,100,1,200,10,30,./+AF8AXwBf-Results,10,50,5,Sacrifice,6,10,0,10000,Evolife,9990,17,6,5,1,4
190325200414,0,40,1,0,100,0,10,5000,0,0,Weighted,8,0,100,10,40,10,50,5,1,100,100,1,200,10,30,./+AF8AXwBf-Results,10,50,5,Sacrifice,6,10,0,10000,Evolife,9990,76,5,77,2,7
190325212415,0,40,1,0,0,0,10,5000,0,5,Weighted,8,0,100,10,0,10,50,5,1,100,100,1,200,10,30,./+AF8AXwBf-Results,10,50,5,Sacrifice,6,10,0,10000,Evolife,9990,0,0,0,0,2
190326115529,0,40,1,0,0,0,10,5000,0,10,Weighted,8,0,100,5,0,10,50,5,1,100,100,1,200,10,30,./+AF8AXwBf-Results,10,50,5,Sacrifice,6,10,0,10000,Evolife,9990,1,1,0,0,1
190326120303,0,40,1,0,0,0,10,5000,0,20,Weighted,8,0,100,15,50,10,50,5,1,100,100,1,200,10,30,./+AF8AXwBf-Results,10,50,5,Sacrifice,6,10,0,10000,Evolife,9990,56,35,51,1,4
190325173707,0,40,1,0,100,0,10,5000,0,20,Weighted,8,0,100,10,50,10,50,5,1,100,100,1,200,10,30,./+AF8AXwBf-Results,10,50,5,Sacrifice,6,10,0,10000,Evolife,9990,51,7,50,1,4
190325173808,0,40,1,0,0,0,10,5000,0,15,Weighted,8,0,100,15,30,10,50,5,1,100,100,1,200,10,30,./+AF8AXwBf-Results,10,50,5,Sacrifice,6,10,0,10000,Evolife,9990,39,33,28,2,6
190325181033,0,40,1,0,100,0,10,5000,0,0,Weighted,8,0,100,10,20,10,50,5,1,100,100,1,200,10,30,./+AF8AXwBf-Results,10,50,5,Sacrifice,6,10,0,10000,Evolife,9990,72,11,76,2,6
190325182301,0,40,1,0,100,0,10,5000,0,10,Weighted,8,0,100,10,,10,75,5,1,100,0,1,200,10,30,./+AF8AXwBf-Results,10,50,5,Sacrifice,6,10,0,10000,Evolife,9990,1,1,0,0,1
190325183942,0,40,1,0,100,0,10,5000,0,10,Weighted,8,0,100,10,,10,75,5,1,100,0,1,200,10,30,./+AF8AXwBf-Results,10,50,5,Sacrifice,6,10,0,10000,Evolife,9990,1,1,0,0,1
190325190139,0,40,1,0,100,0,10,5000,0,10,Weighted,8,0,100,10,25,10,75,5,1,100,10,1,200,10,30,./+AF8AXwBf-Results,10,50,5,Sacrifice,6,10,0,10000,Evolife,9990,5,7,3,2,5
190325192144,0,40,1,0,100,0,10,5000,0,10,Weighted,8,0,100,10,25,10,75,5,1,100,30,1,200,10,30,./+AF8AXwBf-Results,10,50,5,Sacrifice,6,10,0,10000,Evolife,9990,75,5,74,1,5
190325192631,0,40,1,0,100,0,10,5000,0,10,Weighted,8,0,100,10,25,10,75,5,1,100,40,1,200,10,30,./+AF8AXwBf-Results,10,50,5,Sacrifice,6,10,0,10000,Evolife,9990,76,7,74,1,4
190325195234,0,40,1,0,100,0,10,5000,0,10,Weighted,8,0,100,10,25,10,75,5,1,100,60,1,200,10,30,./+AF8AXwBf-Results,10,50,5,Sacrifice,6,10,0,10000,Evolife,9990,76,4,75,1,5
190325201332,0,40,1,0,100,0,10,5000,0,10,Weighted,8,0,100,10,25,10,75,5,1,100,80,1,200,10,30,./+AF8AXwBf-Results,10,50,5,Sacrifice,6,10,0,10000,Evolife,9990,76,4,75,2,6
190325212209,0,40,1,0,100,0,10,5000,0,10,Weighted,8,0,100,10,25,10,75,5,1,100,90,1,200,10,30,./+AF8AXwBf-Results,10,50,5,Sacrifice,6,10,0,10000,Evolife,9990,76,7,75,1,5
190326115521,0,40,1,0,100,0,10,5000,0,10,Weighted,8,0,100,10,25,10,75,5,1,100,100,1,200,10,30,./+AF8AXwBf-Results,10,50,5,Sacrifice,6,10,0,10000,Evolife,9990,61,5,77,1,5
190326120309,0,40,1,0,100,0,10,5000,0,10,Weighted,8,0,100,10,,10,100,5,1,100,0,1,200,10,30,./+AF8AXwBf-Results,10,50,5,Sacrifice,6,10,0,10000,Evolife,9990,1,1,0,0,1
190325173717,0,40,1,0,100,0,10,5000,0,10,Weighted,8,0,100,10,25,10,100,5,1,100,10,1,200,10,30,./+AF8AXwBf-Results,10,50,5,Sacrifice,6,10,0,10000,Evolife,9990,7,8,3,2,7
190325175713,0,40,1,0,100,0,10,5000,0,10,Weighted,8,0,100,10,25,10,100,5,1,100,10,1,200,10,30,./+AF8AXwBf-Results,10,50,5,Sacrifice,6,10,0,10000,Evolife,9990,7,9,3,2,6
190325175932,0,40,1,0,100,0,10,5000,0,10,Weighted,8,0,100,10,25,10,100,5,1,100,20,1,200,10,30,./+AF8AXwBf-Results,10,50,5,Sacrifice,6,10,0,10000,Evolife,9990,55,75,74,3,10
190325182647,0,40,1,0,100,0,10,5000,0,10,Weighted,8,0,100,10,25,10,100,5,1,100,30,1,200,10,30,./+AF8AXwBf-Results,10,50,5,Sacrifice,6,10,0,10000,Evolife,9990,18,94,93,4,11
190325183820,0,40,1,0,100,0,10,5000,0,10,Weighted,8,0,100,10,25,10,100,5,1,100,50,1,200,10,30,./+AF8AXwBf-Results,10,50,5,Sacrifice,6,10,0,10000,Evolife,9990,16,97,97,4,12
190325185121,0,40,1,0,100,0,10,5000,0,10,Weighted,8,0,100,10,25,10,100,5,1,100,60,1,200,10,30,./+AF8AXwBf-Results,10,50,5,Sacrifice,6,10,0,10000,Evolife,9990,26,92,78,4,12
190325190856,0,40,1,0,100,0,10,5000,0,10,Weighted,8,0,100,10,25,10,100,5,1,100,70,1,200,10,30,./+AF8AXwBf-Results,10,50,5,Sacrifice,6,10,0,10000,Evolife,9990,28,95,88,4,12
190325192352,0,40,1,0,100,0,10,5000,0,10,Weighted,8,0,100,10,25,10,100,5,1,100,90,1,200,10,30,./+AF8AXwBf-Results,10,50,5,Sacrifice,6,10,0,10000,Evolife,9990,19,96,89,4,12
190325195030,0,40,1,0,100,0,10,5000,0,10,Weighted,8,0,100,10,25,10,5,5,1,100,20,1,200,10,50,./+AF8AXwBf-Results,10,50,5,Sacrifice,6,10,0,10000,Evolife,9990,13,17,12,2,7
190325200403,0,40,1,0,100,0,10,5000,0,10,Weighted,8,0,100,10,25,10,5,5,1,100,30,1,200,10,50,./+AF8AXwBf-Results,10,50,5,Sacrifice,6,10,0,10000,Evolife,9990,7,22,6,1,5
190325205545,0,40,1,0,100,0,10,5000,0,10,Weighted,8,0,100,10,25,10,5,5,1,100,60,1,200,10,50,./+AF8AXwBf-Results,10,50,5,Sacrifice,6,10,0,10000,Evolife,9990,7,12,6,1,5
190326115531,0,40,1,0,100,0,10,5000,0,10,Weighted,8,0,100,10,25,10,5,5,1,100,60,1,200,10,50,./+AF8AXwBf-Results,10,50,5,Sacrifice,6,10,0,10000,Evolife,9990,7,31,6,1,6
190325173719,0,40,1,0,100,0,10,5000,0,10,Weighted,8,0,100,10,25,10,5,5,1,100,80,1,200,10,50,./+AF8AXwBf-Results,10,50,5,Sacrifice,6,10,0,10000,Evolife,9990,13,20,12,2,7
190325173806,0,40,1,0,100,0,10,5000,0,10,Weighted,8,0,100,10,25,10,5,5,1,100,100,1,200,10,50,./+AF8AXwBf-Results,10,50,5,Sacrifice,6,10,0,10000,Evolife,9990,7,11,6,1,6
190325175910,0,40,1,0,100,0,10,5000,0,10,Weighted,8,0,100,10,25,10,25,5,1,100,10,1,200,10,50,./+AF8AXwBf-Results,10,50,5,Sacrifice,6,10,0,10000,Evolife,9990,25,21,25,2,8
190325182709,0,40,1,0,100,0,10,5000,0,10,Weighted,8,0,100,10,25,10,25,5,1,100,20,1,200,10,50,./+AF8AXwBf-Results,10,50,5,Sacrifice,6,10,0,10000,Evolife,9990,26,13,25,2,7
190325184113,0,40,1,0,100,0,10,5000,0,10,Weighted,8,0,100,10,25,10,25,5,1,100,30,1,200,10,50,./+AF8AXwBf-Results,10,50,5,Sacrifice,6,10,0,10000,Evolife,9990,26,25,25,2,8
190325190051,0,40,1,0,100,0,10,5000,0,10,Weighted,8,0,100,10,25,10,25,5,1,100,40,1,200,10,50,./+AF8AXwBf-Results,10,50,5,Sacrifice,6,10,0,10000,Evolife,9990,26,24,25,2,7
190325191705,0,40,1,0,100,0,10,5000,0,10,Weighted,8,0,100,10,25,10,25,5,1,100,50,1,200,10,50,./+AF8AXwBf-Results,10,50,5,Sacrifice,6,10,0,10000,Evolife,9990,26,9,25,2,8
190325192212,0,40,1,0,100,0,10,5000,0,10,Weighted,8,0,100,10,25,10,25,5,1,100,50,1,200,10,50,./+AF8AXwBf-Results,10,50,5,Sacrifice,6,10,0,10000,Evolife,9990,26,16,25,2,8
190325194231,0,40,1,0,100,0,10,5000,0,10,Weighted,8,0,100,10,25,10,25,5,1,100,60,1,200,10,50,./+AF8AXwBf-Results,10,50,5,Sacrifice,6,10,0,10000,Evolife,9990,26,13,25,2,8
190325200552,0,40,1,0,100,0,10,5000,0,10,Weighted,8,0,100,10,25,10,25,5,1,100,60,1,200,10,50,./+AF8AXwBf-Results,10,50,5,Sacrifice,6,10,0,10000,Evolife,9990,26,12,25,2,8
190325205755,0,40,1,0,100,0,10,5000,0,10,Weighted,8,0,100,10,25,10,25,5,1,100,80,1,200,10,50,./+AF8AXwBf-Results,10,50,5,Sacrifice,6,10,0,10000,Evolife,9990,51,10,50,2,9
190326115527,0,40,1,0,100,0,10,5000,0,10,Weighted,8,0,100,10,25,10,25,5,1,100,80,1,200,10,50,./+AF8AXwBf-Results,10,50,5,Sacrifice,6,10,0,10000,Evolife,9990,26,12,25,2,9
190325173703,0,40,1,0,100,0,10,5000,0,10,Weighted,8,0,100,10,,10,50,5,1,100,0,1,200,10,50,./+AF8AXwBf-Results,10,50,5,Sacrifice,6,10,0,10000,Evolife,9990,1,1,0,0,2
190325173802,0,40,1,0,100,0,10,5000,0,10,Weighted,8,0,100,10,25,10,50,5,1,100,10,1,200,10,50,./+AF8AXwBf-Results,10,50,5,Sacrifice,6,10,0,10000,Evolife,9990,16,21,9,4,14
190325180822,0,40,1,0,100,0,10,5000,0,10,Weighted,8,0,100,10,25,10,50,5,1,100,20,1,200,10,50,./+AF8AXwBf-Results,10,50,5,Sacrifice,6,10,0,10000,Evolife,9990,51,7,50,2,9
190325182157,0,40,1,0,100,0,10,5000,0,10,Weighted,8,0,100,10,25,10,50,5,1,100,30,1,200,10,50,./+AF8AXwBf-Results,10,50,5,Sacrifice,6,10,0,10000,Evolife,9990,51,7,50,2,9
190325183417,0,40,1,0,100,0,10,5000,0,10,Weighted,8,0,100,10,25,10,50,5,1,100,60,1,200,10,50,./+AF8AXwBf-Results,10,50,5,Sacrifice,6,10,0,10000,Evolife,9990,51,9,50,3,10
190325185248,0,40,1,0,100,0,10,5000,0,10,Weighted,8,0,100,10,25,10,50,5,1,100,70,1,200,10,50,./+AF8AXwBf-Results,10,50,5,Sacrifice,6,10,0,10000,Evolife,9990,51,9,50,2,9
190325190538,0,40,1,0,100,0,10,5000,0,10,Weighted,8,0,100,10,25,10,50,5,1,100,70,1,200,10,50,./+AF8AXwBf-Results,10,50,5,Sacrifice,6,10,0,10000,Evolife,9990,51,6,50,2,9
190325193933,0,40,1,0,100,0,10,5000,0,10,Weighted,8,0,100,10,25,10,50,5,1,100,70,1,200,10,50,./+AF8AXwBf-Results,10,50,5,Sacrifice,6,10,0,10000,Evolife,9990,51,7,50,2,8
190325194509,0,40,1,0,100,0,10,5000,0,10,Weighted,8,0,100,10,25,10,50,5,1,100,90,1,200,10,50,./+AF8AXwBf-Results,10,50,5,Sacrifice,6,10,0,10000,Evolife,9990,51,6,50,3,11
190325202127,0,40,1,0,100,0,10,5000,0,10,Weighted,8,0,100,10,25,10,50,5,1,100,100,1,200,10,50,./+AF8AXwBf-Results,10,50,5,Sacrifice,6,10,0,10000,Evolife,9990,51,7,50,2,10
190325212244,0,40,1,0,100,0,10,5000,0,10,Weighted,8,0,100,10,25,10,75,5,1,100,10,1,200,10,50,./+AF8AXwBf-Results,10,50,5,Sacrifice,6,10,0,10000,Evolife,9990,19,20,12,4,14
190326115519,0,40,1,0,100,0,10,5000,0,10,Weighted,8,0,100,10,25,10,75,5,1,100,20,1,200,10,50,./+AF8AXwBf-Results,10,50,5,Sacrifice,6,10,0,10000,Evolife,9990,76,6,74,3,10
190326121903,0,40,1,0,100,0,10,5000,0,10,Weighted,8,0,100,10,25,10,75,5,1,100,30,1,200,10,50,./+AF8AXwBf-Results,10,50,5,Sacrifice,6,10,0,10000,Evolife,9990,75,5,74,2,8
190325173715,0,40,1,0,100,0,10,5000,0,10,Weighted,8,0,100,10,25,10,75,5,1,100,30,1,200,10,50,./+AF8AXwBf-Results,10,50,5,Sacrifice,6,10,0,10000,Evolife,9990,75,5,74,3,10
190325173816,0,40,1,0,100,0,10,5000,0,10,Weighted,8,0,100,10,25,10,75,5,1,100,30,1,200,10,50,./+AF8AXwBf-Results,10,50,5,Sacrifice,6,10,0,10000,Evolife,9990,76,6,74,2,9
190325180259,0,40,1,0,100,0,10,5000,0,10,Weighted,8,0,100,10,25,10,75,5,1,100,50,1,200,10,50,./+AF8AXwBf-Results,10,50,5,Sacrifice,6,10,0,10000,Evolife,9990,76,5,74,2,9
190325181738,0,40,1,0,100,0,10,5000,0,10,Weighted,8,0,100,10,25,10,75,5,1,100,60,1,200,10,50,./+AF8AXwBf-Results,10,50,5,Sacrifice,6,10,0,10000,Evolife,9990,76,5,75,3,11
190325184443,0,40,1,0,100,0,10,5000,0,10,Weighted,8,0,100,10,25,10,75,5,1,100,90,1,200,10,50,./+AF8AXwBf-Results,10,50,5,Sacrifice,6,10,0,10000,Evolife,9990,76,6,75,3,12
190325185819,0,40,1,0,100,0,10,5000,0,10,Weighted,8,0,100,10,25,10,75,5,1,100,100,1,200,10,50,./+AF8AXwBf-Results,10,50,5,Sacrifice,6,10,0,10000,Evolife,9990,76,6,75,3,12
190325191713,0,40,1,0,100,0,10,5000,0,10,Weighted,8,0,100,10,25,10,100,5,1,100,20,1,200,10,50,./+AF8AXwBf-Results,10,50,5,Sacrifice,6,10,0,10000,Evolife,9990,23,39,73,4,13
190325193358,0,40,1,0,100,0,10,5000,0,10,Weighted,8,0,100,10,25,10,100,5,1,100,20,1,200,10,50,./+AF8AXwBf-Results,10,50,5,Sacrifice,6,10,0,10000,Evolife,9990,48,62,56,5,16
190325194852,0,40,1,0,100,0,10,5000,0,10,Weighted,8,0,100,10,25,10,100,5,1,100,40,1,200,10,50,./+AF8AXwBf-Results,10,50,5,Sacrifice,6,10,0,10000,Evolife,9990,36,86,76,6,20
190325195537,0,40,1,0,100,0,10,5000,0,10,Weighted,8,0,100,10,25,10,100,5,1,100,40,1,200,10,50,./+AF8AXwBf-Results,10,50,5,Sacrifice,6,10,0,10000,Evolife,9990,36,86,76,6,20
190325214805,0,40,1,0,100,0,10,5000,0,10,Weighted,8,0,100,10,25,10,100,5,1,100,50,1,200,10,50,./+AF8AXwBf-Results,10,50,5,Sacrifice,6,10,0,10000,Evolife,9990,40,83,77,5,18
190326115516,0,40,1,0,100,0,10,5000,0,10,Weighted,8,0,100,10,25,10,100,5,1,100,60,1,200,10,50,./+AF8AXwBf-Results,10,50,5,Sacrifice,6,10,0,10000,Evolife,9990,12,80,83,6,19
190326123304,0,40,1,0,100,0,10,5000,0,10,Weighted,8,0,100,10,25,10,100,5,1,100,80,1,200,10,50,./+AF8AXwBf-Results,10,50,5,Sacrifice,6,10,0,10000,Evolife,9990,28,86,68,6,20
Date,AgeAdult,40,1,0,100,0,10,5000,0,10,Weighted,8,0,100,10,25,10,100,5,1,100,90,1,200,10,50,./+AF8AXwBf-Results,10,50,5,Sacrifice,6,10,0,10000,Evolife,9990,20,87,84,6,20
