Date,AgeAdult,AgeMax,BatchMode,DNAFill,DenunciationCost,DifferentialCosts,DishonestPremium,DisplayPeriod,DumpStart,EraseNetwork,FriendshipValue,GeneCoding,GeneLength,GroupMinSize,HonoringCost,JoiningBonus,Judas,MaxFriends,MutationRate,NbCrossover,NbInteractions,NbTraitors,NumberOfGroups,PopulationSize,ReproGainsThreshold,ReproductionRate,ResultDir,Rounds,SacrificeHeredity,SampleSize,ScenarioName,SelectionPressure,Selectivity,StartFromFile,TimeLimit,Title,LastStep,Patriot,NonPatriot,Demand,SelfSacrifice,NbHeroes
190325175536,0,40,1,0,100,1,500,10,5000,0,10,Weighted,8,0,100,10,25,10,5,1,100,50,1,1000,10,30,./+AF8AXwBf-Results,50,50,5,Sacrifice,6,10,0,10000,Evolife,9990,31,7,33,2,39
190325175541,0,40,1,0,100,1,500,10,5000,0,10,Weighted,8,0,100,10,25,10,5,1,100,50,1,1000,10,30,./+AF8AXwBf-Results,50,50,5,Sacrifice,6,10,0,10000,Evolife,9990,33,3,32,2,33
190325175544,0,40,1,0,100,1,500,10,5000,0,10,Weighted,8,0,100,10,25,10,5,1,100,50,1,1000,10,30,./+AF8AXwBf-Results,50,50,5,Sacrifice,6,10,0,10000,Evolife,9990,30,6,31,2,35
190325175630,0,40,1,0,100,1,500,10,5000,0,10,Weighted,8,0,100,10,25,10,5,1,100,50,1,1000,10,30,./+AF8AXwBf-Results,50,50,5,Sacrifice,6,10,0,10000,Evolife,9990,30,5,30,2,36
190325175632,0,40,1,0,100,1,500,10,5000,0,10,Weighted,8,0,100,10,25,10,5,1,100,50,1,1000,10,30,./+AF8AXwBf-Results,50,50,5,Sacrifice,6,10,0,10000,Evolife,9990,33,3,32,2,35
190325175633,0,40,1,0,100,1,500,10,5000,0,10,Weighted,8,0,100,10,25,10,5,1,100,50,1,1000,10,30,./+AF8AXwBf-Results,50,50,5,Sacrifice,6,10,0,10000,Evolife,9990,32,3,30,2,35
190325175635,0,40,1,0,100,1,500,10,5000,0,10,Weighted,8,0,100,10,25,10,5,1,100,50,1,1000,10,30,./+AF8AXwBf-Results,50,50,5,Sacrifice,6,10,0,10000,Evolife,9990,30,5,30,2,36
190325175636,0,40,1,0,100,1,500,10,5000,0,10,Weighted,8,0,100,10,25,10,5,1,100,50,1,1000,10,30,./+AF8AXwBf-Results,50,50,5,Sacrifice,6,10,0,10000,Evolife,9990,31,5,32,2,34
190325175637,0,40,1,0,100,1,500,10,5000,0,10,Weighted,8,0,100,10,25,10,5,1,100,50,1,1000,10,30,./+AF8AXwBf-Results,50,50,5,Sacrifice,6,10,0,10000,Evolife,9990,31,5,31,2,35
190325175638,0,40,1,0,100,1,500,10,5000,0,10,Weighted,8,0,100,10,25,10,5,1,100,50,1,1000,10,30,./+AF8AXwBf-Results,50,50,5,Sacrifice,6,10,0,10000,Evolife,9990,31,6,31,2,38
190326121230,0,40,1,0,100,1,500,10,5000,0,10,Weighted,8,0,100,10,25,10,5,1,100,50,1,1000,10,30,./+AF8AXwBf-Results,50,50,5,Sacrifice,6,10,0,10000,Evolife,9990,31,7,34,2,37
190326121238,0,40,1,0,100,1,500,10,5000,0,10,Weighted,8,0,100,10,25,10,5,1,100,50,1,1000,10,30,./+AF8AXwBf-Results,50,50,5,Sacrifice,6,10,0,10000,Evolife,9990,32,5,32,2,35
190326121244,0,40,1,0,100,1,500,10,5000,0,10,Weighted,8,0,100,10,25,10,5,1,100,50,1,1000,10,30,./+AF8AXwBf-Results,50,50,5,Sacrifice,6,10,0,10000,Evolife,9990,31,7,33,2,37
190326121246,0,40,1,0,100,1,500,10,5000,0,10,Weighted,8,0,100,10,25,10,5,1,100,50,1,1000,10,30,./+AF8AXwBf-Results,50,50,5,Sacrifice,6,10,0,10000,Evolife,9990,33,3,32,2,35
190326121556,0,40,1,0,100,1,500,10,5000,0,10,Weighted,8,0,100,10,25,10,5,1,100,50,1,1000,10,30,./+AF8AXwBf-Results,50,50,5,Sacrifice,6,10,0,10000,Evolife,9990,31,5,30,2,37
190326121558,0,40,1,0,100,1,500,10,5000,0,10,Weighted,8,0,100,10,25,10,5,1,100,50,1,1000,10,30,./+AF8AXwBf-Results,50,50,5,Sacrifice,6,10,0,10000,Evolife,9990,31,7,34,2,36
190326121600,0,40,1,0,100,1,500,10,5000,0,10,Weighted,8,0,100,10,25,10,5,1,100,50,1,1000,10,30,./+AF8AXwBf-Results,50,50,5,Sacrifice,6,10,0,10000,Evolife,9990,31,6,31,2,37
190326121602,0,40,1,0,100,1,500,10,5000,0,10,Weighted,8,0,100,10,25,10,5,1,100,50,1,1000,10,30,./+AF8AXwBf-Results,50,50,5,Sacrifice,6,10,0,10000,Evolife,9990,31,6,31,2,37
190326121610,0,40,1,0,100,1,500,10,5000,0,10,Weighted,8,0,100,10,25,10,5,1,100,50,1,1000,10,30,./+AF8AXwBf-Results,50,50,5,Sacrifice,6,10,0,10000,Evolife,9990,31,6,31,2,37
190326121612,0,40,1,0,100,1,500,10,5000,0,10,Weighted,8,0,100,10,25,10,5,1,100,50,1,1000,10,30,./+AF8AXwBf-Results,50,50,5,Sacrifice,6,10,0,10000,Evolife,9990,31,5,30,2,35
190326121614,0,40,1,0,100,1,500,10,5000,0,10,Weighted,8,0,100,10,25,10,5,1,100,50,1,1000,10,30,./+AF8AXwBf-Results,50,50,5,Sacrifice,6,10,0,10000,Evolife,9990,33,4,32,2,36
190326121845,0,40,1,0,100,1,500,10,5000,0,10,Weighted,8,0,100,10,25,10,5,1,100,50,1,1000,10,30,./+AF8AXwBf-Results,50,50,5,Sacrifice,6,10,0,10000,Evolife,9990,31,6,31,2,37
190326121847,0,40,1,0,100,1,500,10,5000,0,10,Weighted,8,0,100,10,25,10,5,1,100,50,1,1000,10,30,./+AF8AXwBf-Results,50,50,5,Sacrifice,6,10,0,10000,Evolife,9990,30,6,31,2,37
190326121849,0,40,1,0,100,1,500,10,5000,0,10,Weighted,8,0,100,10,25,10,5,1,100,50,1,1000,10,30,./+AF8AXwBf-Results,50,50,5,Sacrifice,6,10,0,10000,Evolife,9990,31,6,32,2,36
190326121851,0,40,1,0,100,1,500,10,5000,0,10,Weighted,8,0,100,10,25,10,5,1,100,50,1,1000,10,30,./+AF8AXwBf-Results,50,50,5,Sacrifice,6,10,0,10000,Evolife,9990,33,4,32,2,35
190326121853,0,40,1,0,100,1,500,10,5000,0,10,Weighted,8,0,100,10,25,10,5,1,100,50,1,1000,10,30,./+AF8AXwBf-Results,50,50,5,Sacrifice,6,10,0,10000,Evolife,9990,33,4,32,2,35
190326121855,0,40,1,0,100,1,500,10,5000,0,10,Weighted,8,0,100,10,25,10,5,1,100,50,1,1000,10,30,./+AF8AXwBf-Results,50,50,5,Sacrifice,6,10,0,10000,Evolife,9990,31,6,32,2,37
190326121857,0,40,1,0,100,1,500,10,5000,0,10,Weighted,8,0,100,10,25,10,5,1,100,50,1,1000,10,30,./+AF8AXwBf-Results,50,50,5,Sacrifice,6,10,0,10000,Evolife,9990,31,7,32,2,38
190326121859,0,40,1,0,100,1,500,10,5000,0,10,Weighted,8,0,100,10,25,10,5,1,100,50,1,1000,10,30,./+AF8AXwBf-Results,50,50,5,Sacrifice,6,10,0,10000,Evolife,9990,30,6,32,2,36
190326121901,0,40,1,0,100,1,500,10,5000,0,10,Weighted,8,0,100,10,25,10,5,1,100,50,1,1000,10,30,./+AF8AXwBf-Results,50,50,5,Sacrifice,6,10,0,10000,Evolife,9990,30,6,30,2,36
190326121903,0,40,1,0,100,1,500,10,5000,0,10,Weighted,8,0,100,10,25,10,5,1,100,50,1,1000,10,30,./+AF8AXwBf-Results,50,50,5,Sacrifice,6,10,0,10000,Evolife,9990,33,5,33,2,37
190326155027,0,40,1,0,100,1,500,10,5000,0,10,Weighted,8,0,100,10,25,10,5,1,100,50,1,1000,10,30,./+AF8AXwBf-Results,50,50,5,Sacrifice,6,10,0,10000,Evolife,9990,31,5,30,2,35
190326155031,0,40,1,0,100,1,500,10,5000,0,10,Weighted,8,0,100,10,25,10,5,1,100,50,1,1000,10,30,./+AF8AXwBf-Results,50,50,5,Sacrifice,6,10,0,10000,Evolife,9990,33,3,32,2,35
190326155037,0,40,1,0,100,1,500,10,5000,0,10,Weighted,8,0,100,10,25,10,5,1,100,50,1,1000,10,30,./+AF8AXwBf-Results,50,50,5,Sacrifice,6,10,0,10000,Evolife,9990,31,6,33,2,38
190326155039,0,40,1,0,100,1,500,10,5000,0,10,Weighted,8,0,100,10,25,10,5,1,100,50,1,1000,10,30,./+AF8AXwBf-Results,50,50,5,Sacrifice,6,10,0,10000,Evolife,9990,31,6,33,2,35
190326155041,0,40,1,0,100,1,500,10,5000,0,10,Weighted,8,0,100,10,25,10,5,1,100,50,1,1000,10,30,./+AF8AXwBf-Results,50,50,5,Sacrifice,6,10,0,10000,Evolife,9990,31,4,30,2,37
190326155057,0,40,1,0,100,1,500,10,5000,0,10,Weighted,8,0,100,10,25,10,5,1,100,50,1,1000,10,30,./+AF8AXwBf-Results,50,50,5,Sacrifice,6,10,0,10000,Evolife,9990,33,3,32,2,35
190326155105,0,40,1,0,100,1,500,10,5000,0,10,Weighted,8,0,100,10,25,10,5,1,100,50,1,1000,10,30,./+AF8AXwBf-Results,50,50,5,Sacrifice,6,10,0,10000,Evolife,9990,32,6,31,2,36
190326155107,0,40,1,0,100,1,500,10,5000,0,10,Weighted,8,0,100,10,25,10,5,1,100,50,1,1000,10,30,./+AF8AXwBf-Results,50,50,5,Sacrifice,6,10,0,10000,Evolife,9990,31,5,32,2,35
190326155111,0,40,1,0,100,1,500,10,5000,0,10,Weighted,8,0,100,10,25,10,5,1,100,50,1,1000,10,30,./+AF8AXwBf-Results,50,50,5,Sacrifice,6,10,0,10000,Evolife,9990,31,5,31,2,37
190326155113,0,40,1,0,100,1,500,10,5000,0,10,Weighted,8,0,100,10,25,10,5,1,100,50,1,1000,10,30,./+AF8AXwBf-Results,50,50,5,Sacrifice,6,10,0,10000,Evolife,9990,30,5,30,2,37
190326184926,0,40,1,0,100,1,500,10,5000,0,10,Weighted,8,0,100,10,25,10,5,1,100,50,1,1000,10,30,./+AF8AXwBf-Results,50,50,5,Sacrifice,6,10,0,10000,Evolife,9990,33,3,32,2,34
190326184932,0,40,1,0,100,1,500,10,5000,0,10,Weighted,8,0,100,10,25,10,5,1,100,50,1,1000,10,30,./+AF8AXwBf-Results,50,50,5,Sacrifice,6,10,0,10000,Evolife,9990,33,4,32,2,35
190326184936,0,40,1,0,100,1,500,10,5000,0,10,Weighted,8,0,100,10,25,10,5,1,100,50,1,1000,10,30,./+AF8AXwBf-Results,50,50,5,Sacrifice,6,10,0,10000,Evolife,9990,31,5,30,2,35
190326184943,0,40,1,0,100,1,500,10,5000,0,10,Weighted,8,0,100,10,25,10,5,1,100,50,1,1000,10,30,./+AF8AXwBf-Results,50,50,5,Sacrifice,6,10,0,10000,Evolife,9990,31,6,32,2,37
190326184953,0,40,1,0,100,1,500,10,5000,0,10,Weighted,8,0,100,10,25,10,5,1,100,50,1,1000,10,30,./+AF8AXwBf-Results,50,50,5,Sacrifice,6,10,0,10000,Evolife,9990,32,4,33,2,34
190326184955,0,40,1,0,100,1,500,10,5000,0,10,Weighted,8,0,100,10,25,10,5,1,100,50,1,1000,10,30,./+AF8AXwBf-Results,50,50,5,Sacrifice,6,10,0,10000,Evolife,9990,30,4,30,2,35
190326184959,0,40,1,0,100,1,500,10,5000,0,10,Weighted,8,0,100,10,25,10,5,1,100,50,1,1000,10,30,./+AF8AXwBf-Results,50,50,5,Sacrifice,6,10,0,10000,Evolife,9990,33,3,32,2,33
190326185001,0,40,1,0,100,1,500,10,5000,0,10,Weighted,8,0,100,10,25,10,5,1,100,50,1,1000,10,30,./+AF8AXwBf-Results,50,50,5,Sacrifice,6,10,0,10000,Evolife,9990,31,7,32,2,39
190326210218,0,40,1,0,100,1,500,10,5000,0,10,Weighted,8,0,100,10,25,10,5,1,100,50,1,1000,10,30,./+AF8AXwBf-Results,50,50,5,Sacrifice,6,10,0,10000,Evolife,9990,31,6,30,2,37
190325175119,0,40,1,0,100,1,500,10,5000,0,10,Weighted,8,0,100,10,25,10,5,1,100,60,1,200,10,30,./+AF8AXwBf-Results,10,50,5,Sacrifice,6,10,0,10000,Evolife,9990,33,7,32,2,6
190325175121,0,40,1,0,100,1,500,10,5000,0,10,Weighted,8,0,100,10,25,10,5,1,100,60,1,200,10,30,./+AF8AXwBf-Results,10,50,5,Sacrifice,6,10,0,10000,Evolife,9990,32,7,33,1,5
190325175123,0,40,1,0,100,1,500,10,5000,0,10,Weighted,8,0,100,10,25,10,5,1,100,60,1,200,10,30,./+AF8AXwBf-Results,10,50,5,Sacrifice,6,10,0,10000,Evolife,9990,33,6,32,2,6
190325175125,0,40,1,0,100,1,500,10,5000,0,10,Weighted,8,0,100,10,25,10,5,1,100,60,1,200,10,30,./+AF8AXwBf-Results,10,50,5,Sacrifice,6,10,0,10000,Evolife,9990,32,6,31,2,6
190325175127,0,40,1,0,100,1,500,10,5000,0,10,Weighted,8,0,100,10,25,10,5,1,100,60,1,200,10,30,./+AF8AXwBf-Results,10,50,5,Sacrifice,6,10,0,10000,Evolife,9990,38,4,35,2,6
190325175129,0,40,1,0,100,1,500,10,5000,0,10,Weighted,8,0,100,10,25,10,5,1,100,60,1,200,10,30,./+AF8AXwBf-Results,10,50,5,Sacrifice,6,10,0,10000,Evolife,9990,51,2,51,2,5
190325175131,0,40,1,0,100,1,500,10,5000,0,10,Weighted,8,0,100,10,25,10,5,1,100,60,1,200,10,30,./+AF8AXwBf-Results,10,50,5,Sacrifice,6,10,0,10000,Evolife,9990,32,7,34,2,6
190325175133,0,40,1,0,100,1,500,10,5000,0,10,Weighted,8,0,100,10,25,10,5,1,100,60,1,200,10,30,./+AF8AXwBf-Results,10,50,5,Sacrifice,6,10,0,10000,Evolife,9990,34,5,34,2,6
190325175135,0,40,1,0,100,1,500,10,5000,0,10,Weighted,8,0,100,10,25,10,5,1,100,60,1,200,10,30,./+AF8AXwBf-Results,10,50,5,Sacrifice,6,10,0,10000,Evolife,9990,32,5,31,2,6
190325175137,0,40,1,0,100,1,500,10,5000,0,10,Weighted,8,0,100,10,25,10,5,1,100,60,1,200,10,30,./+AF8AXwBf-Results,10,50,5,Sacrifice,6,10,0,10000,Evolife,9990,33,6,32,2,6
190325175323,0,40,1,0,100,1,500,10,5000,0,10,Weighted,8,0,100,10,25,10,5,1,100,60,1,200,10,30,./+AF8AXwBf-Results,10,50,5,Sacrifice,6,10,0,10000,Evolife,9990,52,3,51,2,6
190325175325,0,40,1,0,100,1,500,10,5000,0,10,Weighted,8,0,100,10,25,10,5,1,100,60,1,200,10,30,./+AF8AXwBf-Results,10,50,5,Sacrifice,6,10,0,10000,Evolife,9990,37,6,37,2,6
190325175327,0,40,1,0,100,1,500,10,5000,0,10,Weighted,8,0,100,10,25,10,5,1,100,60,1,200,10,30,./+AF8AXwBf-Results,10,50,5,Sacrifice,6,10,0,10000,Evolife,9990,51,2,50,2,6
190325175329,0,40,1,0,100,1,500,10,5000,0,10,Weighted,8,0,100,10,25,10,5,1,100,60,1,200,10,30,./+AF8AXwBf-Results,10,50,5,Sacrifice,6,10,0,10000,Evolife,9990,33,6,31,2,6
190325175331,0,40,1,0,100,1,500,10,5000,0,10,Weighted,8,0,100,10,25,10,5,1,100,60,1,200,10,30,./+AF8AXwBf-Results,10,50,5,Sacrifice,6,10,0,10000,Evolife,9990,35,5,35,2,6
190325175334,0,40,1,0,100,1,500,10,5000,0,10,Weighted,8,0,100,10,25,10,5,1,100,60,1,200,10,30,./+AF8AXwBf-Results,10,50,5,Sacrifice,6,10,0,10000,Evolife,9990,53,3,51,2,6
190325175336,0,40,1,0,100,1,500,10,5000,0,10,Weighted,8,0,100,10,25,10,5,1,100,60,1,200,10,30,./+AF8AXwBf-Results,10,50,5,Sacrifice,6,10,0,10000,Evolife,9990,53,2,51,2,6
190325175338,0,40,1,0,100,1,500,10,5000,0,10,Weighted,8,0,100,10,25,10,5,1,100,60,1,200,10,30,./+AF8AXwBf-Results,10,50,5,Sacrifice,6,10,0,10000,Evolife,9990,33,6,30,2,6
190325175340,0,40,1,0,100,1,500,10,5000,0,10,Weighted,8,0,100,10,25,10,5,1,100,60,1,200,10,30,./+AF8AXwBf-Results,10,50,5,Sacrifice,6,10,0,10000,Evolife,9990,33,4,32,2,6
190325175342,0,40,1,0,100,1,500,10,5000,0,10,Weighted,8,0,100,10,25,10,5,1,100,60,1,200,10,30,./+AF8AXwBf-Results,10,50,5,Sacrifice,6,10,0,10000,Evolife,9990,51,3,50,2,6
190325180056,0,40,1,0,100,1,500,10,5000,0,10,Weighted,8,0,100,10,25,10,5,1,100,60,1,200,10,30,./+AF8AXwBf-Results,10,50,5,Sacrifice,6,10,0,10000,Evolife,9990,32,6,31,2,6
190325180057,0,40,1,0,100,1,500,10,5000,0,10,Weighted,8,0,100,10,25,10,5,1,100,60,1,200,10,30,./+AF8AXwBf-Results,10,50,5,Sacrifice,6,10,0,10000,Evolife,9990,32,5,31,2,6
190325180100,0,40,1,0,100,1,500,10,5000,0,10,Weighted,8,0,100,10,25,10,5,1,100,60,1,200,10,30,./+AF8AXwBf-Results,10,50,5,Sacrifice,6,10,0,10000,Evolife,9990,30,5,30,2,6
190325180101,0,40,1,0,100,1,500,10,5000,0,10,Weighted,8,0,100,10,25,10,5,1,100,60,1,200,10,30,./+AF8AXwBf-Results,10,50,5,Sacrifice,6,10,0,10000,Evolife,9990,32,4,31,2,6
190325180105,0,40,1,0,100,1,500,10,5000,0,10,Weighted,8,0,100,10,25,10,5,1,100,60,1,200,10,30,./+AF8AXwBf-Results,10,50,5,Sacrifice,6,10,0,10000,Evolife,9990,32,5,32,1,5
190325180110,0,40,1,0,100,1,500,10,5000,0,10,Weighted,8,0,100,10,25,10,5,1,100,60,1,200,10,30,./+AF8AXwBf-Results,10,50,5,Sacrifice,6,10,0,10000,Evolife,9990,32,5,30,1,5
190325180111,0,40,1,0,100,1,500,10,5000,0,10,Weighted,8,0,100,10,25,10,5,1,100,60,1,200,10,30,./+AF8AXwBf-Results,10,50,5,Sacrifice,6,10,0,10000,Evolife,9990,52,2,50,2,6
190325180113,0,40,1,0,100,1,500,10,5000,0,10,Weighted,8,0,100,10,25,10,5,1,100,60,1,200,10,30,./+AF8AXwBf-Results,10,50,5,Sacrifice,6,10,0,10000,Evolife,9990,51,3,42,2,6
190325180316,0,40,1,0,100,1,500,10,5000,0,10,Weighted,8,0,100,10,25,10,5,1,100,60,1,200,10,30,./+AF8AXwBf-Results,10,50,5,Sacrifice,6,10,0,10000,Evolife,9990,51,3,37,2,6
190325180318,0,40,1,0,100,1,500,10,5000,0,10,Weighted,8,0,100,10,25,10,5,1,100,60,1,200,10,30,./+AF8AXwBf-Results,10,50,5,Sacrifice,6,10,0,10000,Evolife,9990,52,3,51,2,6
190325180319,0,40,1,0,100,1,500,10,5000,0,10,Weighted,8,0,100,10,25,10,5,1,100,60,1,200,10,30,./+AF8AXwBf-Results,10,50,5,Sacrifice,6,10,0,10000,Evolife,9990,50,4,41,2,6
190325180327,0,40,1,0,100,1,500,10,5000,0,10,Weighted,8,0,100,10,25,10,5,1,100,60,1,200,10,30,./+AF8AXwBf-Results,10,50,5,Sacrifice,6,10,0,10000,Evolife,9990,34,7,32,2,6
190325180330,0,40,1,0,100,1,500,10,5000,0,10,Weighted,8,0,100,10,25,10,5,1,100,60,1,200,10,30,./+AF8AXwBf-Results,10,50,5,Sacrifice,6,10,0,10000,Evolife,9990,52,3,50,2,7
190325180336,0,40,1,0,100,1,500,10,5000,0,10,Weighted,8,0,100,10,25,10,5,1,100,60,1,200,10,30,./+AF8AXwBf-Results,10,50,5,Sacrifice,6,10,0,10000,Evolife,9990,32,4,31,2,6
190325180338,0,40,1,0,100,1,500,10,5000,0,10,Weighted,8,0,100,10,25,10,5,1,100,60,1,200,10,30,./+AF8AXwBf-Results,10,50,5,Sacrifice,6,10,0,10000,Evolife,9990,32,5,31,2,6
190325180344,0,40,1,0,100,1,500,10,5000,0,10,Weighted,8,0,100,10,25,10,5,1,100,60,1,200,10,30,./+AF8AXwBf-Results,10,50,5,Sacrifice,6,10,0,10000,Evolife,9990,32,7,31,2,6
190325180348,0,40,1,0,100,1,500,10,5000,0,10,Weighted,8,0,100,10,25,10,5,1,100,60,1,200,10,30,./+AF8AXwBf-Results,10,50,5,Sacrifice,6,10,0,10000,Evolife,9990,33,6,32,2,6
190325181045,0,40,1,0,100,1,500,10,5000,0,10,Weighted,8,0,100,10,25,10,5,1,100,60,1,200,10,30,./+AF8AXwBf-Results,10,50,5,Sacrifice,6,10,0,10000,Evolife,9990,51,3,41,2,6
190325181048,0,40,1,0,100,1,500,10,5000,0,10,Weighted,8,0,100,10,25,10,5,1,100,60,1,200,10,30,./+AF8AXwBf-Results,10,50,5,Sacrifice,6,10,0,10000,Evolife,9990,38,5,37,2,6
190325181049,0,40,1,0,100,1,500,10,5000,0,10,Weighted,8,0,100,10,25,10,5,1,100,60,1,200,10,30,./+AF8AXwBf-Results,10,50,5,Sacrifice,6,10,0,10000,Evolife,9990,30,7,31,2,6
190325181051,0,40,1,0,100,1,500,10,5000,0,10,Weighted,8,0,100,10,25,10,5,1,100,60,1,200,10,30,./+AF8AXwBf-Results,10,50,5,Sacrifice,6,10,0,10000,Evolife,9990,28,7,31,2,6
190325181055,0,40,1,0,100,1,500,10,5000,0,10,Weighted,8,0,100,10,25,10,5,1,100,60,1,200,10,30,./+AF8AXwBf-Results,10,50,5,Sacrifice,6,10,0,10000,Evolife,9990,32,5,31,2,6
190325181058,0,40,1,0,100,1,500,10,5000,0,10,Weighted,8,0,100,10,25,10,5,1,100,60,1,200,10,30,./+AF8AXwBf-Results,10,50,5,Sacrifice,6,10,0,10000,Evolife,9990,52,2,50,2,6
190325181105,0,40,1,0,100,1,500,10,5000,0,10,Weighted,8,0,100,10,25,10,5,1,100,60,1,200,10,30,./+AF8AXwBf-Results,10,50,5,Sacrifice,6,10,0,10000,Evolife,9990,33,6,32,2,6
190325181108,0,40,1,0,100,1,500,10,5000,0,10,Weighted,8,0,100,10,25,10,5,1,100,60,1,200,10,30,./+AF8AXwBf-Results,10,50,5,Sacrifice,6,10,0,10000,Evolife,9990,33,7,33,1,6
190325181111,0,40,1,0,100,1,500,10,5000,0,10,Weighted,8,0,100,10,25,10,5,1,100,60,1,200,10,30,./+AF8AXwBf-Results,10,50,5,Sacrifice,6,10,0,10000,Evolife,9990,51,3,50,2,6
190325181119,0,40,1,0,100,1,500,10,5000,0,10,Weighted,8,0,100,10,25,10,5,1,100,60,1,200,10,30,./+AF8AXwBf-Results,10,50,5,Sacrifice,6,10,0,10000,Evolife,9990,33,7,33,2,6
190325181243,0,40,1,0,100,1,500,10,5000,0,10,Weighted,8,0,100,10,25,10,5,1,100,60,1,200,10,30,./+AF8AXwBf-Results,10,50,5,Sacrifice,6,10,0,10000,Evolife,9990,30,6,31,2,6
190325181246,0,40,1,0,100,1,500,10,5000,0,10,Weighted,8,0,100,10,25,10,5,1,100,60,1,200,10,30,./+AF8AXwBf-Results,10,50,5,Sacrifice,6,10,0,10000,Evolife,9990,32,6,34,2,6
190325181249,0,40,1,0,100,1,500,10,5000,0,10,Weighted,8,0,100,10,25,10,5,1,100,60,1,200,10,30,./+AF8AXwBf-Results,10,50,5,Sacrifice,6,10,0,10000,Evolife,9990,32,6,31,2,6
190325181251,0,40,1,0,100,1,500,10,5000,0,10,Weighted,8,0,100,10,25,10,5,1,100,60,1,200,10,30,./+AF8AXwBf-Results,10,50,5,Sacrifice,6,10,0,10000,Evolife,9990,35,8,35,2,6
190325181257,0,40,1,0,100,1,500,10,5000,0,10,Weighted,8,0,100,10,25,10,5,1,100,60,1,200,10,30,./+AF8AXwBf-Results,10,50,5,Sacrifice,6,10,0,10000,Evolife,9990,33,6,31,2,6
190325181302,0,40,1,0,100,1,500,10,5000,0,10,Weighted,8,0,100,10,25,10,5,1,100,60,1,200,10,30,./+AF8AXwBf-Results,10,50,5,Sacrifice,6,10,0,10000,Evolife,9990,33,5,33,2,6
190325181303,0,40,1,0,100,1,500,10,5000,0,10,Weighted,8,0,100,10,25,10,5,1,100,60,1,200,10,30,./+AF8AXwBf-Results,10,50,5,Sacrifice,6,10,0,10000,Evolife,9990,38,4,36,1,5
190325181305,0,40,1,0,100,1,500,10,5000,0,10,Weighted,8,0,100,10,25,10,5,1,100,60,1,200,10,30,./+AF8AXwBf-Results,10,50,5,Sacrifice,6,10,0,10000,Evolife,9990,34,5,32,2,6
190325181312,0,40,1,0,100,1,500,10,5000,0,10,Weighted,8,0,100,10,25,10,5,1,100,60,1,200,10,30,./+AF8AXwBf-Results,10,50,5,Sacrifice,6,10,0,10000,Evolife,9990,33,6,31,2,6
190325181334,0,40,1,0,100,1,500,10,5000,0,10,Weighted,8,0,100,10,25,10,5,1,100,60,1,200,10,30,./+AF8AXwBf-Results,10,50,5,Sacrifice,6,10,0,10000,Evolife,9990,35,6,36,2,6
190325182009,0,40,1,0,100,1,500,10,5000,0,10,Weighted,8,0,100,10,25,10,5,1,100,60,1,200,10,30,./+AF8AXwBf-Results,10,50,5,Sacrifice,6,10,0,10000,Evolife,9990,39,4,35,2,6
190325182012,0,40,1,0,100,1,500,10,5000,0,10,Weighted,8,0,100,10,25,10,5,1,100,60,1,200,10,30,./+AF8AXwBf-Results,10,50,5,Sacrifice,6,10,0,10000,Evolife,9990,51,2,50,2,6
190325182017,0,40,1,0,100,1,500,10,5000,0,10,Weighted,8,0,100,10,25,10,5,1,100,60,1,200,10,30,./+AF8AXwBf-Results,10,50,5,Sacrifice,6,10,0,10000,Evolife,9990,52,3,51,2,6
190325182021,0,40,1,0,100,1,500,10,5000,0,10,Weighted,8,0,100,10,25,10,5,1,100,60,1,200,10,30,./+AF8AXwBf-Results,10,50,5,Sacrifice,6,10,0,10000,Evolife,9990,52,2,50,2,6
190325182023,0,40,1,0,100,1,500,10,5000,0,10,Weighted,8,0,100,10,25,10,5,1,100,60,1,200,10,30,./+AF8AXwBf-Results,10,50,5,Sacrifice,6,10,0,10000,Evolife,9990,30,7,31,2,6
190325182030,0,40,1,0,100,1,500,10,5000,0,10,Weighted,8,0,100,10,25,10,5,1,100,60,1,200,10,30,./+AF8AXwBf-Results,10,50,5,Sacrifice,6,10,0,10000,Evolife,9990,37,5,33,2,6
190325182031,0,40,1,0,100,1,500,10,5000,0,10,Weighted,8,0,100,10,25,10,5,1,100,60,1,200,10,30,./+AF8AXwBf-Results,10,50,5,Sacrifice,6,10,0,10000,Evolife,9990,39,5,33,2,6
190325182034,0,40,1,0,100,1,500,10,5000,0,10,Weighted,8,0,100,10,25,10,5,1,100,60,1,200,10,30,./+AF8AXwBf-Results,10,50,5,Sacrifice,6,10,0,10000,Evolife,9990,33,7,32,2,6
190325182048,0,40,1,0,100,1,500,10,5000,0,10,Weighted,8,0,100,10,25,10,5,1,100,60,1,200,10,30,./+AF8AXwBf-Results,10,50,5,Sacrifice,6,10,0,10000,Evolife,9990,33,6,33,2,6
190325182159,0,40,1,0,100,1,500,10,5000,0,10,Weighted,8,0,100,10,25,10,5,1,100,60,1,200,10,30,./+AF8AXwBf-Results,10,50,5,Sacrifice,6,10,0,10000,Evolife,9990,33,7,32,2,6
190325182201,0,40,1,0,100,1,500,10,5000,0,10,Weighted,8,0,100,10,25,10,5,1,100,60,1,200,10,30,./+AF8AXwBf-Results,10,50,5,Sacrifice,6,10,0,10000,Evolife,9990,51,3,42,2,6
190325182206,0,40,1,0,100,1,500,10,5000,0,10,Weighted,8,0,100,10,25,10,5,1,100,60,1,200,10,30,./+AF8AXwBf-Results,10,50,5,Sacrifice,6,10,0,10000,Evolife,9990,33,6,34,2,6
190325182212,0,40,1,0,100,1,500,10,5000,0,10,Weighted,8,0,100,10,25,10,5,1,100,60,1,200,10,30,./+AF8AXwBf-Results,10,50,5,Sacrifice,6,10,0,10000,Evolife,9990,51,2,50,2,6
190325182220,0,40,1,0,100,1,500,10,5000,0,10,Weighted,8,0,100,10,25,10,5,1,100,60,1,200,10,30,./+AF8AXwBf-Results,10,50,5,Sacrifice,6,10,0,10000,Evolife,9990,31,8,31,2,6
190325182226,0,40,1,0,100,1,500,10,5000,0,10,Weighted,8,0,100,10,25,10,5,1,100,60,1,200,10,30,./+AF8AXwBf-Results,10,50,5,Sacrifice,6,10,0,10000,Evolife,9990,51,3,38,2,6
190325182229,0,40,1,0,100,1,500,10,5000,0,10,Weighted,8,0,100,10,25,10,5,1,100,60,1,200,10,30,./+AF8AXwBf-Results,10,50,5,Sacrifice,6,10,0,10000,Evolife,9990,32,5,31,2,6
190325182231,0,40,1,0,100,1,500,10,5000,0,10,Weighted,8,0,100,10,25,10,5,1,100,60,1,200,10,30,./+AF8AXwBf-Results,10,50,5,Sacrifice,6,10,0,10000,Evolife,9990,52,2,51,1,5
190325182237,0,40,1,0,100,1,500,10,5000,0,10,Weighted,8,0,100,10,25,10,5,1,100,60,1,200,10,30,./+AF8AXwBf-Results,10,50,5,Sacrifice,6,10,0,10000,Evolife,9990,51,4,39,2,7
190325182302,0,40,1,0,100,1,500,10,5000,0,10,Weighted,8,0,100,10,25,10,5,1,100,60,1,200,10,30,./+AF8AXwBf-Results,10,50,5,Sacrifice,6,10,0,10000,Evolife,9990,32,5,31,2,6
190325182928,0,40,1,0,100,1,500,10,5000,0,10,Weighted,8,0,100,10,25,10,5,1,100,60,1,200,10,30,./+AF8AXwBf-Results,10,50,5,Sacrifice,6,10,0,10000,Evolife,9990,30,6,31,2,6
190325182938,0,40,1,0,100,1,500,10,5000,0,10,Weighted,8,0,100,10,25,10,5,1,100,60,1,200,10,30,./+AF8AXwBf-Results,10,50,5,Sacrifice,6,10,0,10000,Evolife,9990,52,3,51,2,7
190325182939,0,40,1,0,100,1,500,10,5000,0,10,Weighted,8,0,100,10,25,10,5,1,100,60,1,200,10,30,./+AF8AXwBf-Results,10,50,5,Sacrifice,6,10,0,10000,Evolife,9990,32,8,33,2,6
190325182942,0,40,1,0,100,1,500,10,5000,0,10,Weighted,8,0,100,10,25,10,5,1,100,60,1,200,10,30,./+AF8AXwBf-Results,10,50,5,Sacrifice,6,10,0,10000,Evolife,9990,33,4,31,1,5
190325182944,0,40,1,0,100,1,500,10,5000,0,10,Weighted,8,0,100,10,25,10,5,1,100,60,1,200,10,30,./+AF8AXwBf-Results,10,50,5,Sacrifice,6,10,0,10000,Evolife,9990,51,3,50,2,6
190325182945,0,40,1,0,100,1,500,10,5000,0,10,Weighted,8,0,100,10,25,10,5,1,100,60,1,200,10,30,./+AF8AXwBf-Results,10,50,5,Sacrifice,6,10,0,10000,Evolife,9990,39,5,37,2,6
190325182954,0,40,1,0,100,1,500,10,5000,0,10,Weighted,8,0,100,10,25,10,5,1,100,60,1,200,10,30,./+AF8AXwBf-Results,10,50,5,Sacrifice,6,10,0,10000,Evolife,9990,52,3,50,2,6
190325183000,0,40,1,0,100,1,500,10,5000,0,10,Weighted,8,0,100,10,25,10,5,1,100,60,1,200,10,30,./+AF8AXwBf-Results,10,50,5,Sacrifice,6,10,0,10000,Evolife,9990,35,5,32,2,6
190325183004,0,40,1,0,100,1,500,10,5000,0,10,Weighted,8,0,100,10,25,10,5,1,100,60,1,200,10,30,./+AF8AXwBf-Results,10,50,5,Sacrifice,6,10,0,10000,Evolife,9990,52,3,51,2,6
190325183115,0,40,1,0,100,1,500,10,5000,0,10,Weighted,8,0,100,10,25,10,5,1,100,60,1,200,10,30,./+AF8AXwBf-Results,10,50,5,Sacrifice,6,10,0,10000,Evolife,9990,33,6,32,2,6
190325183131,0,40,1,0,100,1,500,10,5000,0,10,Weighted,8,0,100,10,25,10,5,1,100,60,1,200,10,30,./+AF8AXwBf-Results,10,50,5,Sacrifice,6,10,0,10000,Evolife,9990,52,3,41,2,6
190325183132,0,40,1,0,100,1,500,10,5000,0,10,Weighted,8,0,100,10,25,10,5,1,100,60,1,200,10,30,./+AF8AXwBf-Results,10,50,5,Sacrifice,6,10,0,10000,Evolife,9990,51,3,42,2,6
190325183138,0,40,1,0,100,1,500,10,5000,0,10,Weighted,8,0,100,10,25,10,5,1,100,60,1,200,10,30,./+AF8AXwBf-Results,10,50,5,Sacrifice,6,10,0,10000,Evolife,9990,33,7,36,2,7
190325183140,0,40,1,0,100,1,500,10,5000,0,10,Weighted,8,0,100,10,25,10,5,1,100,60,1,200,10,30,./+AF8AXwBf-Results,10,50,5,Sacrifice,6,10,0,10000,Evolife,9990,32,7,32,2,6
190325183147,0,40,1,0,100,1,500,10,5000,0,10,Weighted,8,0,100,10,25,10,5,1,100,60,1,200,10,30,./+AF8AXwBf-Results,10,50,5,Sacrifice,6,10,0,10000,Evolife,9990,32,6,32,1,5
190325183154,0,40,1,0,100,1,500,10,5000,0,10,Weighted,8,0,100,10,25,10,5,1,100,60,1,200,10,30,./+AF8AXwBf-Results,10,50,5,Sacrifice,6,10,0,10000,Evolife,9990,35,7,35,2,6
190325183205,0,40,1,0,100,1,500,10,5000,0,10,Weighted,8,0,100,10,25,10,5,1,100,60,1,200,10,30,./+AF8AXwBf-Results,10,50,5,Sacrifice,6,10,0,10000,Evolife,9990,33,6,32,2,6
190325183209,0,40,1,0,100,1,500,10,5000,0,10,Weighted,8,0,100,10,25,10,5,1,100,60,1,200,10,30,./+AF8AXwBf-Results,10,50,5,Sacrifice,6,10,0,10000,Evolife,9990,51,3,42,2,6
190325183230,0,40,1,0,100,1,500,10,5000,0,10,Weighted,8,0,100,10,25,10,5,1,100,60,1,200,10,30,./+AF8AXwBf-Results,10,50,5,Sacrifice,6,10,0,10000,Evolife,9990,34,7,34,2,6
190325183845,0,40,1,0,100,1,500,10,5000,0,10,Weighted,8,0,100,10,25,10,5,1,100,60,1,200,10,30,./+AF8AXwBf-Results,10,50,5,Sacrifice,6,10,0,10000,Evolife,9990,33,6,32,2,6
190325183852,0,40,1,0,100,1,500,10,5000,0,10,Weighted,8,0,100,10,25,10,5,1,100,60,1,200,10,30,./+AF8AXwBf-Results,10,50,5,Sacrifice,6,10,0,10000,Evolife,9990,52,2,51,2,7
190325183903,0,40,1,0,100,1,500,10,5000,0,10,Weighted,8,0,100,10,25,10,5,1,100,60,1,200,10,30,./+AF8AXwBf-Results,10,50,5,Sacrifice,6,10,0,10000,Evolife,9990,33,7,34,2,6
190325183905,0,40,1,0,100,1,500,10,5000,0,10,Weighted,8,0,100,10,25,10,5,1,100,60,1,200,10,30,./+AF8AXwBf-Results,10,50,5,Sacrifice,6,10,0,10000,Evolife,9990,52,2,50,2,6
190325183911,0,40,1,0,100,1,500,10,5000,0,10,Weighted,8,0,100,10,25,10,5,1,100,60,1,200,10,30,./+AF8AXwBf-Results,10,50,5,Sacrifice,6,10,0,10000,Evolife,9990,52,3,50,2,6
190325183917,0,40,1,0,100,1,500,10,5000,0,10,Weighted,8,0,100,10,25,10,5,1,100,60,1,200,10,30,./+AF8AXwBf-Results,10,50,5,Sacrifice,6,10,0,10000,Evolife,9990,39,5,34,2,6
190325183923,0,40,1,0,100,1,500,10,5000,0,10,Weighted,8,0,100,10,25,10,5,1,100,60,1,200,10,30,./+AF8AXwBf-Results,10,50,5,Sacrifice,6,10,0,10000,Evolife,9990,51,2,50,2,6
190325183925,0,40,1,0,100,1,500,10,5000,0,10,Weighted,8,0,100,10,25,10,5,1,100,60,1,200,10,30,./+AF8AXwBf-Results,10,50,5,Sacrifice,6,10,0,10000,Evolife,9990,52,2,50,2,7
190325183926,0,40,1,0,100,1,500,10,5000,0,10,Weighted,8,0,100,10,25,10,5,1,100,60,1,200,10,30,./+AF8AXwBf-Results,10,50,5,Sacrifice,6,10,0,10000,Evolife,9990,51,3,41,2,6
190325183932,0,40,1,0,100,1,500,10,5000,0,10,Weighted,8,0,100,10,25,10,5,1,100,60,1,200,10,30,./+AF8AXwBf-Results,10,50,5,Sacrifice,6,10,0,10000,Evolife,9990,33,6,32,1,5
190325184033,0,40,1,0,100,1,500,10,5000,0,10,Weighted,8,0,100,10,25,10,5,1,100,60,1,200,10,30,./+AF8AXwBf-Results,10,50,5,Sacrifice,6,10,0,10000,Evolife,9990,51,2,50,1,5
190325184059,0,40,1,0,100,1,500,10,5000,0,10,Weighted,8,0,100,10,25,10,5,1,100,60,1,200,10,30,./+AF8AXwBf-Results,10,50,5,Sacrifice,6,10,0,10000,Evolife,9990,36,6,34,2,6
190325184101,0,40,1,0,100,1,500,10,5000,0,10,Weighted,8,0,100,10,25,10,5,1,100,60,1,200,10,30,./+AF8AXwBf-Results,10,50,5,Sacrifice,6,10,0,10000,Evolife,9990,51,3,41,2,6
190325184102,0,40,1,0,100,1,500,10,5000,0,10,Weighted,8,0,100,10,25,10,5,1,100,60,1,200,10,30,./+AF8AXwBf-Results,10,50,5,Sacrifice,6,10,0,10000,Evolife,9990,32,6,31,2,6
190325184104,0,40,1,0,100,1,500,10,5000,0,10,Weighted,8,0,100,10,25,10,5,1,100,60,1,200,10,30,./+AF8AXwBf-Results,10,50,5,Sacrifice,6,10,0,10000,Evolife,9990,52,3,50,2,6
190325184129,0,40,1,0,100,1,500,10,5000,0,10,Weighted,8,0,100,10,25,10,5,1,100,60,1,200,10,30,./+AF8AXwBf-Results,10,50,5,Sacrifice,6,10,0,10000,Evolife,9990,34,6,33,2,7
190325184140,0,40,1,0,100,1,500,10,5000,0,10,Weighted,8,0,100,10,25,10,5,1,100,60,1,200,10,30,./+AF8AXwBf-Results,10,50,5,Sacrifice,6,10,0,10000,Evolife,9990,52,3,50,2,7
190325184151,0,40,1,0,100,1,500,10,5000,0,10,Weighted,8,0,100,10,25,10,5,1,100,60,1,200,10,30,./+AF8AXwBf-Results,10,50,5,Sacrifice,6,10,0,10000,Evolife,9990,38,5,37,2,6
